Bulbasaur,Growl,Tackle,Leech Seed,Vine Whip,Poison Powder,Razor Leaf,Growth,Sleep Powder,Solar Beam,Cut,Swords Dance,Toxic,Body Slam,Take Down,Double-Edge,Rage,Mega Drain,,Mimic,Double Team,Reflect,Bide,Rest,Substitute,,,,,,,,,,,,,,,,,,,,,,,,,,,,,,,,,,,,
Ivysaur,Growl,Leech Seed,Tackle,,Vine Whip,Poison Powder,Razor Leaf,Growth,Sleep Powder,Solar Beam,Cut,Swords Dance,Toxic,Body Slam,Take Down,Double-Edge,Rage,Mega Drain,,Mimic,Double Team,Reflect,Bide,Rest,Substitute,,,,,,,,,,,,,,,,,,,,,,,,,,,,,,,,,,,
Venusaur,Growl,Leech Seed,Tackle,Vine Whip,,,Poison Powder,Razor Leaf,Growth,Sleep Powder,Solar Beam,Cut,Swords Dance,Toxic,Body Slam,Take Down,Double-Edge,Hyper Beam,Rage,Mega Drain,,Mimic,Double Team,Reflect,Bide,Rest,Substitute,,,,,,,,,,,,,,,,,,,,,,,,,,,,,,,,,
Charmander,Growl,Scratch,Ember,Leer,Rage,Slash,Flamethrower,Fire Spin,Cut,Strength,Mega Punch,Swords Dance,Mega Kick,Toxic,Body Slam,Take Down,Double-Edge,Submission,Counter,Seismic Toss,,Dragon Rage,Dig,Mimic,Double Team,Reflect,Bide,Fire Blast,Swift,Skull Bash,Rest,Substitute,,,,,,,,,,,,,,,,,,,,,,,,,,,,
Charmeleon,Ember,Growl,Scratch,,Leer,Rage,Slash,Flamethrower,Fire Spin,Cut,Strength,Mega Punch,Swords Dance,Mega Kick,Toxic,Body Slam,Take Down,Double-Edge,Submission,Counter,Seismic Toss,,Dragon Rage,Dig,Mimic,Double Team,Reflect,Bide,Fire Blast,Swift,Skull Bash,Rest,Substitute,,,,,,,,,,,,,,,,,,,,,,,,,,,
Charizard,Ember,Growl,Leer,Scratch,,,Rage,Slash,Flamethrower,Fire Spin,Cut,Strength,Mega Punch,Swords Dance,Mega Kick,Toxic,Body Slam,Take Down,Double-Edge,Hyper Beam,Submission,Counter,Seismic Toss,,Dragon Rage,Earthquake,Fissure,Dig,Mimic,Double Team,Reflect,Bide,Fire Blast,Swift,Skull Bash,Rest,Substitute,Fly,,,,,,,,,,,,,,,,,,,,,,
Squirtle,Tackle,Tail Whip,Bubble,Water Gun,Bite,Withdraw,Skull Bash,Hydro Pump,Surf,Strength,Mega Punch,Mega Kick,Toxic,Body Slam,Take Down,Double-Edge,Bubble Beam,,Ice Beam,Blizzard,Submission,Counter,Seismic Toss,Rage,Dig,Mimic,Double Team,Reflect,Bide,,Rest,Substitute,,,,,,,,,,,,,,,,,,,,,,,,,,,,
Wartortle,Bubble,Tackle,Tail Whip,,Water Gun,Bite,Withdraw,Skull Bash,Hydro Pump,Surf,Strength,Mega Punch,Mega Kick,Toxic,Body Slam,Take Down,Double-Edge,Bubble Beam,,Ice Beam,Blizzard,Submission,Counter,Seismic Toss,Rage,Dig,Mimic,Double Team,Reflect,Bide,,Rest,Substitute,,,,,,,,,,,,,,,,,,,,,,,,,,,
Blastoise,Bubble,Tackle,Tail Whip,Water Gun,,,Bite,Withdraw,Skull Bash,Hydro Pump,Surf,Strength,Mega Punch,Mega Kick,Toxic,Body Slam,Take Down,Double-Edge,Bubble Beam,,Ice Beam,Blizzard,Hyper Beam,Submission,Counter,Seismic Toss,Rage,Earthquake,Fissure,Dig,Mimic,Double Team,Reflect,Bide,,Rest,Substitute,,,,,,,,,,,,,,,,,,,,,,,
Caterpie,String Shot,Tackle,,,,,,,,,,,,,,,,,,,,,,,,,,,,,,,,,,,,,,,,,,,,,,,,,,,,,,,,,,
Metapod,Harden,String Shot,Tackle,,,,,,,,,,,,,,,,,,,,,,,,,,,,,,,,,,,,,,,,,,,,,,,,,,,,,,,,,
Butterfree,Confusion,,Poison Powder,Stun Spore,Sleep Powder,Supersonic,Whirlwind,Psybeam,Harden,String Shot,Tackle,Razor Wind,,Toxic,Take Down,Double-Edge,Hyper Beam,Rage,Mega Drain,Solar Beam,Psychic,Teleport,Mimic,Double Team,Reflect,Bide,Swift,Rest,Psywave,Substitute,,,,,,,Flash,Gust,,,,,,,,,,,,,,,,,,,,,,
Weedle,Poison Sting,String Shot,,,,,,,,,,,,,,,,,,,,,,,,,,,,,,,,,,,,,,,,,,,,,,,,,,,,,,,,,,
Kakuna,Harden,Poison Sting,String Shot,,,,,,,,,,,,,,,,,,,,,,,,,,,,,,,,,,,,,,,,,,,,,,,,,,,,,,,,,
Beedrill,Fury Attack,,Focus Energy,Twineedle,Rage,Pin Missile,Agility,Harden,Poison Sting,String Shot,Cut,Swords Dance,Toxic,Take Down,Double-Edge,Hyper Beam,,Mega Drain,Mimic,Double Team,Reflect,Bide,Swift,Skull Bash,Rest,Substitute,,,,,,,,,,,,,,,,,,,,,,,,,,,,,,,,,,
Pidgey,Gust,Sand Attack,Quick Attack,Whirlwind,Wing Attack,Agility,Mirror Move,Fly,Razor Wind,,Toxic,Take Down,Double-Edge,Rage,Mimic,Double Team,Reflect,Bide,Swift,Sky Attack,Rest,Substitute,,,,,,,,,,,,,,,,,,,,,,,,,,,,,,,,,,,,,,
Pidgeotto,Gust,Sand Attack,,Quick Attack,Whirlwind,Wing Attack,Agility,Mirror Move,Fly,Razor Wind,,Toxic,Take Down,Double-Edge,Rage,Mimic,Double Team,Reflect,Bide,Swift,Sky Attack,Rest,Substitute,,,,,,,,,,,,,,,,,,,,,,,,,,,,,,,,,,,,,
Pidgeot,Gust,Quick Attack,Sand Attack,,,Whirlwind,Wing Attack,Agility,Mirror Move,Fly,Razor Wind,,Toxic,Take Down,Double-Edge,Hyper Beam,Rage,Mimic,Double Team,Reflect,Bide,Swift,Sky Attack,Rest,Substitute,,,,,,,,,,,,,,,,,,,,,,,,,,,,,,,,,,,
Rattata,Tackle,Tail Whip,Quick Attack,Hyper Fang,Focus Energy,Super Fang,Toxic,Body Slam,Take Down,Double-Edge,Bubble Beam,Water Gun,Blizzard,Rage,Thunderbolt,Thunder,Dig,Mimic,Double Team,Bide,Swift,Skull Bash,Rest,Substitute,,,,,,,,,,,,,,,,,,,,,,,,,,,,,,,,,,,,
Raticate,Quick Attack,Tackle,Tail Whip,,Hyper Fang,Focus Energy,Super Fang,Toxic,Body Slam,Take Down,Double-Edge,Bubble Beam,Water Gun,Ice Beam,Blizzard,Hyper Beam,Rage,Thunderbolt,Thunder,Dig,Mimic,Double Team,Bide,Swift,Skull Bash,Rest,Substitute,,,,,,,,,,,,,,,,,,,,,,,,,,,,,,,,,
Spearow,Growl,Peck,Leer,Fury Attack,Mirror Move,Drill Peck,Agility,Fly,Razor Wind,Whirlwind,Toxic,Take Down,Double-Edge,Rage,Mimic,Double Team,Bide,Swift,Sky Attack,Rest,Substitute,,,,,,,,,,,,,,,,,,,,,,,,,,,,,,,,,,,,,,,
Fearow,Growl,Leer,Peck,,Fury Attack,Mirror Move,Drill Peck,Agility,Fly,Razor Wind,Whirlwind,Toxic,Take Down,Double-Edge,Hyper Beam,Rage,Mimic,Double Team,Bide,Swift,Sky Attack,Rest,Substitute,,,,,,,,,,,,,,,,,,,,,,,,,,,,,,,,,,,,,
Ekans,Leer,Wrap,Poison Sting,Bite,Glare,Screech,Acid,Strength,Toxic,Body Slam,Take Down,Double-Edge,Rage,Mega Drain,Earthquake,Fissure,Dig,Mimic,Double Team,Bide,Skull Bash,Rest,Rock Slide,Substitute,,,,,,,,,,,,,,,,,,,,,,,,,,,,,,,,,,,,
Arbok,Leer,Poison Sting,Wrap,,Bite,Glare,Screech,Acid,Strength,Toxic,Body Slam,Take Down,Double-Edge,Hyper Beam,Rage,Mega Drain,Earthquake,Fissure,Dig,Mimic,Double Team,Bide,Skull Bash,Rest,Rock Slide,Substitute,,,,,,,,,,,,,,,,,,,,,,,,,,,,,,,,,,
Pikachu,Growl,Thunder Shock,Thunder Wave,Quick Attack,Swift,Agility,Thunder,Flash,Mega Punch,Mega Kick,Toxic,Body Slam,Take Down,Double-Edge,Pay Day,Submission,Seismic Toss,Rage,Thunderbolt,,Mimic,Double Team,Reflect,Bide,,Skull Bash,Rest,,Substitute,,Tail Whip,Slam,Light Screen,,,,,,,,,,,,,,,,,,,,,,,,,,,
Raichu,Growl,Thunder Shock,Thunder Wave,Agility,Quick Attack,Swift,Thunder,Flash,Mega Punch,Mega Kick,Toxic,Body Slam,Take Down,Double-Edge,Hyper Beam,Pay Day,Submission,Seismic Toss,Rage,Thunderbolt,,Mimic,Double Team,Reflect,Bide,,Skull Bash,Rest,,Substitute,Tail Whip,Slam,Light Screen,,,,,,,,,,,,,,,,,,,,,,,,,,,
Sandshrew,Scratch,Sand Attack,Slash,Poison Sting,Swift,Fury Swipes,Cut,Strength,Swords Dance,Toxic,Body Slam,Take Down,Double-Edge,Submission,Seismic Toss,Rage,Earthquake,Fissure,Dig,Mimic,Double Team,Bide,,Skull Bash,Rest,Rock Slide,Substitute,,,,,,,,,,,,,,,,,,,,,,,,,,,,,,,,,
Sandslash,Sand Attack,Scratch,,Slash,Poison Sting,Swift,Fury Swipes,Cut,Strength,Swords Dance,Toxic,Body Slam,Take Down,Double-Edge,Hyper Beam,Submission,Seismic Toss,Rage,Earthquake,Fissure,Dig,Mimic,Double Team,Bide,,Skull Bash,Rest,Rock Slide,Substitute,,,,,,,,,,,,,,,,,,,,,,,,,,,,,,,
Nidoran-f,Growl,Tackle,Scratch,Poison Sting,Tail Whip,Bite,Fury Swipes,Double Kick,Toxic,Body Slam,Take Down,Double-Edge,Blizzard,Rage,Thunderbolt,Thunder,Mimic,Double Team,Reflect,Bide,Skull Bash,Rest,Substitute,,,,,,,,,,,,,,,,,,,,,,,,,,,,,,,,,,,,,
Nidorina,Growl,Scratch,Tackle,,Poison Sting,Tail Whip,Bite,Fury Swipes,Double Kick,Toxic,Horn Drill,Body Slam,Take Down,Double-Edge,Bubble Beam,Water Gun,Ice Beam,Blizzard,Rage,Thunderbolt,Thunder,Mimic,Double Team,Reflect,Bide,Skull Bash,Rest,Substitute,,,,,,,,,,,,,,,,,,,,,,,,,,,,,,,,
Nidoqueen,Body Slam,Scratch,Tackle,Tail Whip,,Poison Sting,,Bite,Double Kick,Fury Swipes,Growl,Surf,Strength,Mega Punch,Mega Kick,Toxic,Horn Drill,,Take Down,Double-Edge,Bubble Beam,Water Gun,Ice Beam,Blizzard,Hyper Beam,Pay Day,Submission,Counter,Seismic Toss,Rage,Thunderbolt,Thunder,Earthquake,Fissure,Mimic,Double Team,Reflect,Bide,Fire Blast,Skull Bash,Rest,Rock Slide,Substitute,,,,,,,,,,,,,,,,,
Nidoran-m,Leer,Tackle,Horn Attack,Poison Sting,Focus Energy,Fury Attack,Horn Drill,Double Kick,Toxic,,Body Slam,Take Down,Double-Edge,Blizzard,Rage,Thunderbolt,Thunder,Mimic,Double Team,Reflect,Bide,Skull Bash,Rest,Substitute,,,,,,,,,,,,,,,,,,,,,,,,,,,,,,,,,,,,
Nidorino,Horn Attack,Leer,Tackle,,Poison Sting,Focus Energy,Fury Attack,Horn Drill,Double Kick,Toxic,,Body Slam,Take Down,Double-Edge,Bubble Beam,Water Gun,Ice Beam,Blizzard,Rage,Thunderbolt,Thunder,Mimic,Double Team,Reflect,Bide,Skull Bash,Rest,Substitute,,,,,,,,,,,,,,,,,,,,,,,,,,,,,,,,
Nidoking,Horn Attack,Poison Sting,Tackle,Thrash,,,,Double Kick,Focus Energy,Fury Attack,Horn Drill,Leer,Surf,Strength,Mega Punch,Mega Kick,Toxic,,Body Slam,Take Down,Double-Edge,Bubble Beam,Water Gun,Ice Beam,Blizzard,Hyper Beam,Pay Day,Submission,Counter,Seismic Toss,Rage,Thunderbolt,Thunder,Earthquake,Fissure,Mimic,Double Team,Reflect,Bide,Fire Blast,Skull Bash,Rest,Rock Slide,Substitute,,,,,,,,,,,,,,,,
Clefairy,Growl,Pound,Sing,Double Slap,Minimize,Metronome,Defense Curl,Light Screen,Strength,Flash,Mega Punch,Mega Kick,Toxic,Body Slam,Take Down,Double-Edge,Bubble Beam,Water Gun,Ice Beam,Blizzard,Submission,Counter,Seismic Toss,Rage,Solar Beam,Thunderbolt,Thunder,Psychic,Teleport,Mimic,Double Team,Reflect,Bide,,Fire Blast,Skull Bash,Rest,Thunder Wave,Psywave,Tri Attack,Substitute,,,,,,,,,,,,,,,,,,,
Clefable,Double Slap,Metronome,Minimize,Sing,Defense Curl,Growl,Light Screen,Pound,Strength,Flash,Mega Punch,Mega Kick,Toxic,Body Slam,Take Down,Double-Edge,Bubble Beam,Water Gun,Ice Beam,Blizzard,Hyper Beam,Submission,Counter,Seismic Toss,Rage,Solar Beam,Thunderbolt,Thunder,Psychic,Teleport,Mimic,Double Team,Reflect,Bide,,Fire Blast,Skull Bash,Rest,Thunder Wave,Psywave,Tri Attack,Substitute,,,,,,,,,,,,,,,,,,
Vulpix,Ember,Tail Whip,Quick Attack,Roar,Confuse Ray,Flamethrower,Fire Spin,Toxic,Body Slam,Take Down,Double-Edge,Rage,Dig,Mimic,Double Team,Reflect,Bide,Fire Blast,Swift,Skull Bash,Rest,Substitute,,,,,,,,,,,,,,,,,,,,,,,,,,,,,,,,,,,,,,
Ninetales,Ember,Quick Attack,Roar,Tail Whip,Confuse Ray,Fire Spin,Flamethrower,Toxic,Body Slam,Take Down,Double-Edge,Hyper Beam,Rage,Dig,Mimic,Double Team,Reflect,Bide,Fire Blast,Swift,Skull Bash,Rest,Substitute,,,,,,,,,,,,,,,,,,,,,,,,,,,,,,,,,,,,,
Jigglypuff,Sing,Pound,Disable,Defense Curl,Double Slap,Rest,Body Slam,Double-Edge,Strength,Flash,Mega Punch,Mega Kick,Toxic,,Take Down,,Bubble Beam,Water Gun,Ice Beam,Blizzard,Submission,Counter,Seismic Toss,Rage,Solar Beam,Thunderbolt,Thunder,Psychic,Teleport,Mimic,Double Team,Reflect,Bide,Fire Blast,Skull Bash,,Thunder Wave,Psywave,Tri Attack,Substitute,,,,,,,,,,,,,,,,,,,,
Wigglytuff,Defense Curl,Disable,Double Slap,Sing,Body Slam,Double-Edge,Pound,Rest,Strength,Flash,Mega Punch,Mega Kick,Toxic,,Take Down,,Bubble Beam,Water Gun,Ice Beam,Blizzard,Hyper Beam,Submission,Counter,Seismic Toss,Rage,Solar Beam,Thunderbolt,Thunder,Psychic,Teleport,Mimic,Double Team,Reflect,Bide,Fire Blast,Skull Bash,,Thunder Wave,Psywave,Tri Attack,Substitute,,,,,,,,,,,,,,,,,,,
Zubat,Leech Life,Supersonic,Bite,Confuse Ray,Wing Attack,Haze,Razor Wind,Whirlwind,Toxic,Take Down,Double-Edge,Rage,Mega Drain,Mimic,Double Team,Bide,Swift,Rest,Substitute,,,,,,,,,,,,,,,,,,,,,,,,,,,,,,,,,,,,,,,,,
Golbat,Bite,Leech Life,Screech,Supersonic,,Confuse Ray,Wing Attack,Haze,Razor Wind,Whirlwind,Toxic,Take Down,Double-Edge,Hyper Beam,Rage,Mega Drain,Mimic,Double Team,Bide,Swift,Rest,Substitute,,,,,,,,,,,,,,,,,,,,,,,,,,,,,,,,,,,,,,
Oddish,Absorb,Poison Powder,Stun Spore,Sleep Powder,Acid,Petal Dance,Solar Beam,Cut,Swords Dance,Toxic,Take Down,Double-Edge,Rage,Mega Drain,,Mimic,Double Team,Reflect,Bide,Rest,Substitute,,,,,,,,,,,,,,,,,,,,,,,,,,,,,,,,,,,,,,,
Gloom,Absorb,Poison Powder,Stun Spore,,,Sleep Powder,Acid,Petal Dance,Solar Beam,Cut,Swords Dance,Toxic,Take Down,Double-Edge,Rage,Mega Drain,,Mimic,Double Team,Reflect,Bide,Rest,Substitute,,,,,,,,,,,,,,,,,,,,,,,,,,,,,,,,,,,,,
Vileplume,Acid,Petal Dance,Sleep Powder,Stun Spore,Poison Powder,,,Absorb,Solar Beam,Cut,Swords Dance,Toxic,Body Slam,Take Down,Double-Edge,Hyper Beam,Rage,Mega Drain,,Mimic,Double Team,Reflect,Bide,Rest,Substitute,,,,,,,,,,,,,,,,,,,,,,,,,,,,,,,,,,,
Paras,Scratch,Stun Spore,Leech Life,Spore,Slash,Growth,Cut,Swords Dance,Toxic,Body Slam,Take Down,Double-Edge,Rage,Mega Drain,Solar Beam,Dig,Mimic,Double Team,Reflect,Bide,Skull Bash,Rest,Substitute,,,,,,,,,,,,,,,,,,,,,,,,,,,,,,,,,,,,,
Parasect,Leech Life,Scratch,Stun Spore,,,Spore,Slash,Growth,Cut,Swords Dance,Toxic,Body Slam,Take Down,Double-Edge,Hyper Beam,Rage,Mega Drain,Solar Beam,Dig,Mimic,Double Team,Reflect,Bide,Skull Bash,Rest,Substitute,,,,,,,,,,,,,,,,,,,,,,,,,,,,,,,,,,
Venonat,Disable,Tackle,Poison Powder,Leech Life,Stun Spore,Psybeam,Sleep Powder,Psychic,Toxic,Take Down,Double-Edge,Rage,Mega Drain,Solar Beam,,Mimic,Double Team,Reflect,Bide,Rest,Psywave,Substitute,,,Supersonic,Confusion,Flash,,,,,,,,,,,,,,,,,,,,,,,,,,,,,,,,,
Venomoth,Disable,Leech Life,Poison Powder,Tackle,,,Stun Spore,Psybeam,Sleep Powder,Psychic,Razor Wind,Whirlwind,Toxic,Take Down,Double-Edge,Hyper Beam,Rage,Mega Drain,Solar Beam,,Teleport,Mimic,Double Team,Reflect,Bide,Swift,Rest,Psywave,Substitute,Confusion,Flash,Supersonic,,,,,,,,,,,,,,,,,,,,,,,,,,,,
Diglett,Scratch,Growl,Dig,Sand Attack,Slash,Earthquake,Toxic,Body Slam,Take Down,Double-Edge,Rage,,Fissure,,Mimic,Double Team,Bide,Rest,Rock Slide,Substitute,,,,,,,,,,,,,,,,,,,,,,,,,,,,,,,,,,,,,,,,
Dugtrio,Dig,Growl,Scratch,,,Sand Attack,Slash,Earthquake,Toxic,Body Slam,Take Down,Double-Edge,Hyper Beam,Rage,,Fissure,,Mimic,Double Team,Bide,Rest,Rock Slide,Substitute,,,,,,,,,,,,,,,,,,,,,,,,,,,,,,,,,,,,,
Meowth,Growl,Scratch,Bite,Pay Day,Screech,Fury Swipes,Slash,Toxic,Body Slam,Take Down,Double-Edge,Bubble Beam,Water Gun,,Rage,Thunderbolt,Thunder,Mimic,Double Team,Bide,Swift,Skull Bash,Rest,Substitute,,,,,,,,,,,,,,,,,,,,,,,,,,,,,,,,,,,,
Persian,Bite,Growl,Scratch,Screech,,Pay Day,,Fury Swipes,Slash,Toxic,Body Slam,Take Down,Double-Edge,Bubble Beam,Water Gun,Hyper Beam,,Rage,Thunderbolt,Thunder,Mimic,Double Team,Bide,Swift,Skull Bash,Rest,Substitute,,,,,,,,,,,,,,,,,,,,,,,,,,,,,,,,,
Psyduck,Scratch,Tail Whip,Disable,Confusion,Fury Swipes,Hydro Pump,Surf,Strength,Mega Punch,Mega Kick,Toxic,Body Slam,Take Down,Double-Edge,Bubble Beam,Water Gun,Ice Beam,Blizzard,Pay Day,Submission,Counter,Seismic Toss,Rage,Dig,Mimic,Double Team,Bide,Swift,Skull Bash,Rest,Substitute,Amnesia,,,,,,,,,,,,,,,,,,,,,,,,,,,,
Golduck,Disable,Scratch,Tail Whip,,,Confusion,Fury Swipes,Hydro Pump,Surf,Strength,Mega Punch,Mega Kick,Toxic,Body Slam,Take Down,Double-Edge,Bubble Beam,Water Gun,Ice Beam,Blizzard,Hyper Beam,Pay Day,Submission,Counter,Seismic Toss,Rage,Dig,Mimic,Double Team,Bide,Swift,Skull Bash,Rest,Substitute,Amnesia,,,,,,,,,,,,,,,,,,,,,,,,,
Mankey,Leer,Scratch,Karate Chop,Fury Swipes,Focus Energy,Seismic Toss,Thrash,Strength,Mega Punch,Mega Kick,Toxic,Body Slam,Take Down,Double-Edge,Pay Day,Submission,Counter,,Rage,Thunderbolt,Thunder,Dig,Mimic,Double Team,Bide,Metronome,Swift,Skull Bash,Rest,Rock Slide,Substitute,,,,Low Kick,Screech,,,,,,,,,,,,,,,,,,,,,,,,
Primeape,Fury Swipes,Karate Chop,Leer,Scratch,,,Focus Energy,Seismic Toss,Thrash,Strength,Mega Punch,Mega Kick,Toxic,Body Slam,Take Down,Double-Edge,Hyper Beam,Pay Day,Submission,Counter,,Rage,Thunderbolt,Thunder,Dig,Mimic,Double Team,Bide,Metronome,Swift,Skull Bash,Rest,Rock Slide,Substitute,Low Kick,Screech,,,,,,,,,,,,,,,,,,,,,,,,
Growlithe,Bite,Roar,Ember,Leer,Take Down,Agility,Flamethrower,Toxic,Body Slam,,Double-Edge,Rage,Dragon Rage,Dig,Mimic,Double Team,Reflect,Bide,Fire Blast,Swift,Skull Bash,Rest,Substitute,,,,,,,,,,,,,,,,,,,,,,,,,,,,,,,,,,,,,
Arcanine,Ember,Leer,Roar,Take Down,Agility,Bite,Flamethrower,Toxic,Body Slam,,Double-Edge,Hyper Beam,Rage,Dragon Rage,Dig,Teleport,Mimic,Double Team,Reflect,Bide,Fire Blast,Swift,Skull Bash,Rest,Substitute,,,,,,,,,,,,,,,,,,,,,,,,,,,,,,,,,,,
Poliwag,Bubble,Hypnosis,Water Gun,Double Slap,Body Slam,Amnesia,Hydro Pump,Surf,Toxic,,Take Down,Double-Edge,Bubble Beam,,Ice Beam,Blizzard,Rage,Psychic,Mimic,Double Team,Bide,Skull Bash,Rest,Psywave,Substitute,,,,,,,,,,,,,,,,,,,,,,,,,,,,,,,,,,,
Poliwhirl,Bubble,Hypnosis,Water Gun,,,Double Slap,Body Slam,Amnesia,Hydro Pump,Surf,Strength,Mega Punch,Mega Kick,Toxic,,Take Down,Double-Edge,Bubble Beam,,Ice Beam,Blizzard,Submission,Counter,Seismic Toss,Rage,Earthquake,Fissure,Psychic,Mimic,Double Team,Bide,Metronome,Skull Bash,Rest,Psywave,Substitute,,,,,,,,,,,,,,,,,,,,,,,,
Poliwrath,Body Slam,Double Slap,Hypnosis,Water Gun,,,Amnesia,Bubble,Hydro Pump,Surf,Strength,Mega Punch,Mega Kick,Toxic,,Take Down,Double-Edge,Bubble Beam,,Ice Beam,Blizzard,Hyper Beam,Submission,Counter,Seismic Toss,Rage,Earthquake,Fissure,Psychic,Mimic,Double Team,Bide,Metronome,Skull Bash,Rest,Psywave,Substitute,,,,,,,,,,,,,,,,,,,,,,,
Abra,Teleport,Flash,Mega Punch,Mega Kick,Toxic,Body Slam,Take Down,Double-Edge,Submission,Counter,Seismic Toss,Rage,Psychic,,Mimic,Double Team,Reflect,Bide,Metronome,Skull Bash,Rest,Thunder Wave,Psywave,Tri Attack,Substitute,,,,,,,,,,,,,,,,,,,,,,,,,,,,,,,,,,,
Kadabra,Confusion,Disable,Teleport,Kinesis,,Psybeam,Recover,Psychic,Reflect,Flash,Mega Punch,Mega Kick,Toxic,Body Slam,Take Down,Double-Edge,Submission,Counter,Seismic Toss,Rage,Dig,,,Mimic,Double Team,,Bide,Metronome,Skull Bash,Rest,Thunder Wave,Psywave,Tri Attack,Substitute,,,,,,,,,,,,,,,,,,,,,,,,,,
Alakazam,Confusion,Disable,Teleport,Kinesis,,Psybeam,Recover,Psychic,Reflect,Flash,Mega Punch,Mega Kick,Toxic,Body Slam,Take Down,Double-Edge,Hyper Beam,Submission,Counter,Seismic Toss,Rage,Dig,,,Mimic,Double Team,,Bide,Metronome,Skull Bash,Rest,Thunder Wave,Psywave,Tri Attack,Substitute,,,,,,,,,,,,,,,,,,,,,,,,,
Machop,Karate Chop,Low Kick,Leer,Focus Energy,Seismic Toss,Submission,Strength,Mega Punch,Mega Kick,Toxic,Body Slam,Take Down,Double-Edge,,Counter,,Rage,Earthquake,Fissure,Dig,Mimic,Double Team,Bide,Metronome,Fire Blast,Skull Bash,Rest,Rock Slide,Substitute,,,,,,,,,,,,,,,,,,,,,,,,,,,,,,,
Machoke,Karate Chop,Leer,Low Kick,,,Focus Energy,Seismic Toss,Submission,Strength,Mega Punch,Mega Kick,Toxic,Body Slam,Take Down,Double-Edge,,Counter,,Rage,Earthquake,Fissure,Dig,Mimic,Double Team,Bide,Metronome,Fire Blast,Skull Bash,Rest,Rock Slide,Substitute,,,,,,,,,,,,,,,,,,,,,,,,,,,,,
Machamp,Karate Chop,Leer,Low Kick,,,Focus Energy,Seismic Toss,Submission,Strength,Mega Punch,Mega Kick,Toxic,Body Slam,Take Down,Double-Edge,Hyper Beam,,Counter,,Rage,Earthquake,Fissure,Dig,Mimic,Double Team,Bide,Metronome,Fire Blast,Skull Bash,Rest,Rock Slide,Substitute,,,,,,,,,,,,,,,,,,,,,,,,,,,,
Bellsprout,Growth,Vine Whip,Wrap,Poison Powder,Sleep Powder,Stun Spore,Acid,Razor Leaf,Slam,Cut,Swords Dance,Toxic,Take Down,Double-Edge,Rage,Mega Drain,Solar Beam,Mimic,Double Team,Reflect,Bide,Rest,Substitute,,,,,,,,,,,,,,,,,,,,,,,,,,,,,,,,,,,,,
Weepinbell,Growth,Vine Whip,Wrap,,Poison Powder,Sleep Powder,Stun Spore,Acid,Razor Leaf,Slam,Cut,Swords Dance,Toxic,Take Down,Double-Edge,Rage,Mega Drain,Solar Beam,Mimic,Double Team,Reflect,Bide,Rest,Substitute,,,,,,,,,,,,,,,,,,,,,,,,,,,,,,,,,,,,
Victreebel,Acid,Razor Leaf,Sleep Powder,Stun Spore,Wrap,Poison Powder,,Growth,Slam,Vine Whip,Cut,Swords Dance,Toxic,Body Slam,Take Down,Double-Edge,Hyper Beam,Rage,Mega Drain,Solar Beam,Mimic,Double Team,Reflect,Bide,Rest,Substitute,,,,,,,,,,,,,,,,,,,,,,,,,,,,,,,,,,
Tentacool,Acid,Supersonic,Wrap,Poison Sting,Water Gun,Constrict,Barrier,Screech,Hydro Pump,Cut,Surf,Swords Dance,Toxic,Take Down,Double-Edge,Bubble Beam,,Ice Beam,Blizzard,Rage,Mega Drain,Mimic,Double Team,Reflect,Bide,Skull Bash,Rest,Substitute,,,,,,,,,,,,,,,,,,,,,,,,,,,,,,,,
Tentacruel,Acid,Supersonic,Wrap,,,Poison Sting,Water Gun,Constrict,Barrier,Screech,Hydro Pump,Cut,Surf,Swords Dance,Toxic,Take Down,Double-Edge,Bubble Beam,,Ice Beam,Blizzard,Hyper Beam,Rage,Mega Drain,Mimic,Double Team,Reflect,Bide,Skull Bash,Rest,Substitute,,,,,,,,,,,,,,,,,,,,,,,,,,,,,
Geodude,Tackle,Defense Curl,Rock Throw,Self-Destruct,Harden,Earthquake,Explosion,Strength,Mega Punch,Toxic,Body Slam,Take Down,Double-Edge,Submission,Counter,Seismic Toss,Rage,,Fissure,Dig,Mimic,Double Team,Bide,Metronome,,Fire Blast,Rest,,Rock Slide,Substitute,,,,,,,,,,,,,,,,,,,,,,,,,,,,,,
Graveler,Defense Curl,Tackle,,Rock Throw,Self-Destruct,Harden,Earthquake,Explosion,Strength,Mega Punch,Toxic,Body Slam,Take Down,Double-Edge,Submission,Counter,Seismic Toss,Rage,,Fissure,Dig,Mimic,Double Team,Bide,Metronome,,Fire Blast,Rest,,Rock Slide,Substitute,,,,,,,,,,,,,,,,,,,,,,,,,,,,,
Golem,Defense Curl,Tackle,,Rock Throw,Self-Destruct,Harden,Earthquake,Explosion,Strength,Mega Punch,Mega Kick,Toxic,Body Slam,Take Down,Double-Edge,Hyper Beam,Submission,Counter,Seismic Toss,Rage,,Fissure,Dig,Mimic,Double Team,Bide,Metronome,,Fire Blast,Rest,,Rock Slide,Substitute,,,,,,,,,,,,,,,,,,,,,,,,,,,
Ponyta,Ember,Tail Whip,Stomp,Growl,Fire Spin,Take Down,Agility,Toxic,Horn Drill,Body Slam,,Double-Edge,Rage,Mimic,Double Team,Reflect,Bide,Fire Blast,Swift,Skull Bash,Rest,Substitute,,,,,,,,,,,,,,,,,,,,,,,,,,,,,,,,,,,,,,
Rapidash,Ember,Growl,Stomp,Tail Whip,,,,Fire Spin,Take Down,Agility,Toxic,Horn Drill,Body Slam,,Double-Edge,Hyper Beam,Rage,Mimic,Double Team,Reflect,Bide,Fire Blast,Swift,Skull Bash,Rest,Substitute,,,,,,,,,,,,,,,,,,,,,,,,,,,,,,,,,,
Slowpoke,Confusion,Disable,Headbutt,Growl,Water Gun,Amnesia,Psychic,Surf,Strength,Flash,Toxic,Body Slam,Take Down,Double-Edge,Bubble Beam,,Ice Beam,Blizzard,Pay Day,Rage,Earthquake,Fissure,Dig,,Teleport,Mimic,Double Team,Reflect,Bide,Fire Blast,Swift,Skull Bash,Rest,Thunder Wave,Psywave,Tri Attack,Substitute,,,,,,,,,,,,,,,,,,,,,,,
Slowbro,Confusion,Disable,Headbutt,,,Growl,Water Gun,Withdraw,Amnesia,Psychic,Surf,Strength,Flash,Mega Punch,Mega Kick,Toxic,Body Slam,Take Down,Double-Edge,Bubble Beam,,Ice Beam,Blizzard,Hyper Beam,Pay Day,Submission,Counter,Seismic Toss,Rage,Earthquake,Fissure,Dig,,Teleport,Mimic,Double Team,Reflect,Bide,Fire Blast,Swift,Skull Bash,Rest,Thunder Wave,Psywave,Tri Attack,Substitute,,,,,,,,,,,,,,
Magnemite,Tackle,Sonic Boom,Thunder Shock,Supersonic,Thunder Wave,Swift,Screech,Flash,Toxic,Take Down,Double-Edge,Rage,Thunderbolt,Thunder,Teleport,Mimic,Double Team,Reflect,Bide,,Rest,,Substitute,,,,,,,,,,,,,,,,,,,,,,,,,,,,,,,,,,,,,
Magneton,Sonic Boom,Tackle,Thunder Shock,,,Supersonic,Thunder Wave,Swift,Screech,Flash,Toxic,Take Down,Double-Edge,Hyper Beam,Rage,Thunderbolt,Thunder,Teleport,Mimic,Double Team,Reflect,Bide,,Rest,,Substitute,,,,,,,,,,,,,,,,,,,,,,,,,,,,,,,,,,
Farfetchd,Peck,Sand Attack,Leer,Fury Attack,Swords Dance,Agility,Slash,Cut,Fly,Razor Wind,,Whirlwind,Toxic,Body Slam,Take Down,Double-Edge,Rage,Mimic,Double Team,Reflect,Bide,Swift,Skull Bash,Rest,Substitute,,,,,,,,,,,,,,,,,,,,,,,,,,,,,,,,,,,
Doduo,Peck,Growl,Fury Attack,Drill Peck,Rage,Tri Attack,Agility,Fly,Whirlwind,Toxic,Body Slam,Take Down,Double-Edge,,Mimic,Double Team,Reflect,Bide,Skull Bash,Sky Attack,Rest,,Substitute,,,,,,,,,,,,,,,,,,,,,,,,,,,,,,,,,,,,,
Dodrio,Fury Attack,Growl,Peck,,,Drill Peck,Rage,Tri Attack,Agility,Fly,Whirlwind,Toxic,Body Slam,Take Down,Double-Edge,Hyper Beam,,Mimic,Double Team,Reflect,Bide,Skull Bash,Sky Attack,Rest,,Substitute,,,,,,,,,,,,,,,,,,,,,,,,,,,,,,,,,,
Seel,Headbutt,Growl,Aurora Beam,Rest,Take Down,Ice Beam,Surf,Strength,Toxic,Horn Drill,Body Slam,,Double-Edge,Bubble Beam,Water Gun,,Blizzard,Pay Day,Rage,Mimic,Double Team,Bide,Skull Bash,,Substitute,,,,,,,,,,,,,,,,,,,,,,,,,,,,,,,,,,,
Dewgong,Aurora Beam,Growl,Headbutt,,,Rest,Take Down,Ice Beam,Surf,Strength,Toxic,Horn Drill,Body Slam,,Double-Edge,Bubble Beam,Water Gun,,Blizzard,Hyper Beam,Pay Day,Rage,Mimic,Double Team,Bide,Skull Bash,,Substitute,,,,,,,,,,,,,,,,,,,,,,,,,,,,,,,,
Grimer,Disable,Pound,Poison Gas,Minimize,Sludge,Harden,Screech,Acid Armor,Toxic,Body Slam,Rage,Mega Drain,Thunderbolt,Thunder,Mimic,Double Team,Bide,Self-Destruct,Fire Blast,Rest,Explosion,Substitute,,,,,,,,,,,,,,,,,,,,,,,,,,,,,,,,,,,,,,
Muk,Disable,Poison Gas,Pound,,Minimize,Sludge,Harden,Screech,Acid Armor,Toxic,Body Slam,Hyper Beam,Rage,Mega Drain,Thunderbolt,Thunder,Mimic,Double Team,Bide,Self-Destruct,Fire Blast,Rest,Explosion,Substitute,,,,,,,,,,,,,,,,,,,,,,,,,,,,,,,,,,,,
Shellder,Tackle,Withdraw,Supersonic,Clamp,Aurora Beam,Leer,Ice Beam,Surf,Toxic,Take Down,Double-Edge,Bubble Beam,Water Gun,,Blizzard,Rage,Teleport,Mimic,Double Team,Reflect,Bide,Self-Destruct,Swift,Rest,Explosion,Tri Attack,Substitute,,,,,,,,,,,,,,,,,,,,,,,,,,,,,,,,,
Cloyster,Aurora Beam,Clamp,Supersonic,Withdraw,Spike Cannon,Ice Beam,Leer,Tackle,Surf,Toxic,Take Down,Double-Edge,Bubble Beam,Water Gun,,Blizzard,Hyper Beam,Rage,Teleport,Mimic,Double Team,Reflect,Bide,Self-Destruct,Swift,Rest,Explosion,Tri Attack,Substitute,,,,,,,,,,,,,,,,,,,,,,,,,,,,,,,
Gastly,Confuse Ray,Lick,Night Shade,Hypnosis,Dream Eater,Toxic,Rage,Mega Drain,Thunderbolt,Thunder,Psychic,Mimic,Double Team,Bide,Self-Destruct,,Rest,Psywave,Explosion,Substitute,,,,,,,,,,,,,,,,,,,,,,,,,,,,,,,,,,,,,,,,
Haunter,Confuse Ray,Lick,Night Shade,Hypnosis,Dream Eater,Toxic,Rage,Mega Drain,Thunderbolt,Thunder,Psychic,Mimic,Double Team,Bide,Self-Destruct,,Rest,Psywave,Explosion,Substitute,,,,,,,,,,,,,,,,,,,,,,,,,,,,,,,,,,,,,,,,
Gengar,Confuse Ray,Lick,Night Shade,Hypnosis,Dream Eater,Strength,Mega Punch,Mega Kick,Toxic,Body Slam,Take Down,Double-Edge,Hyper Beam,Submission,Counter,Seismic Toss,Rage,Mega Drain,Thunderbolt,Thunder,Psychic,Mimic,Double Team,Bide,Metronome,Self-Destruct,Skull Bash,,Rest,Psywave,Explosion,Substitute,,,,,,,,,,,,,,,,,,,,,,,,,,,,
Onix,Screech,Tackle,Bind,Rock Throw,Rage,Slam,Harden,Strength,Toxic,Body Slam,Take Down,Double-Edge,,Earthquake,Fissure,Dig,Mimic,Double Team,Bide,Self-Destruct,Skull Bash,Rest,Explosion,Rock Slide,Substitute,,,,,,,,,,,,,,,,,,,,,,,,,,,,,,,,,,,
Drowzee,Hypnosis,Pound,Disable,Confusion,Headbutt,Poison Gas,Psychic,Meditate,Flash,Mega Punch,Mega Kick,Toxic,Body Slam,Take Down,Double-Edge,Submission,Counter,Seismic Toss,Rage,,Teleport,Mimic,Double Team,Reflect,Bide,Metronome,Skull Bash,Dream Eater,Rest,Thunder Wave,Psywave,Tri Attack,Substitute,,,,,,,,,,,,,,,,,,,,,,,,,,,
Hypno,Confusion,Disable,Hypnosis,Pound,,,Headbutt,Poison Gas,Psychic,Meditate,Flash,Mega Punch,Mega Kick,Toxic,Body Slam,Take Down,Double-Edge,Hyper Beam,Submission,Counter,Seismic Toss,Rage,,Teleport,Mimic,Double Team,Reflect,Bide,Metronome,Skull Bash,Dream Eater,Rest,Thunder Wave,Psywave,Tri Attack,Substitute,,,,,,,,,,,,,,,,,,,,,,,,
Krabby,Bubble,Leer,Vice Grip,Guillotine,Stomp,Crabhammer,Harden,Cut,Surf,Strength,Swords Dance,Toxic,Body Slam,Take Down,Double-Edge,Bubble Beam,Water Gun,Ice Beam,Blizzard,Rage,Mimic,Double Team,Bide,Rest,Substitute,,,,,,,,,,,,,,,,,,,,,,,,,,,,,,,,,,,
Kingler,Bubble,Leer,Vice Grip,,Guillotine,Stomp,Crabhammer,Harden,Cut,Surf,Strength,Swords Dance,Toxic,Body Slam,Take Down,Double-Edge,Bubble Beam,Water Gun,Ice Beam,Blizzard,Hyper Beam,Rage,Mimic,Double Team,Bide,Rest,Substitute,,,,,,,,,,,,,,,,,,,,,,,,,,,,,,,,,
Voltorb,Screech,Tackle,Sonic Boom,Self-Destruct,Light Screen,Swift,Explosion,Flash,Toxic,Take Down,Rage,Thunderbolt,Thunder,Teleport,Mimic,Double Team,Reflect,Bide,,,Rest,Thunder Wave,,Substitute,,,,,,,,,,,,,,,,,,,,,,,,,,,,,,,,,,,,
Electrode,Screech,Sonic Boom,Tackle,,Self-Destruct,Light Screen,Swift,Explosion,Flash,Toxic,Take Down,Hyper Beam,Rage,Thunderbolt,Thunder,Teleport,Mimic,Double Team,Reflect,Bide,,,Skull Bash,Rest,Thunder Wave,,Substitute,,,,,,,,,,,,,,,,,,,,,,,,,,,,,,,,,
Exeggcute,Barrage,Hypnosis,Reflect,Leech Seed,Stun Spore,Poison Powder,Solar Beam,Sleep Powder,Toxic,Take Down,Double-Edge,Rage,Psychic,Teleport,Mimic,Double Team,,Bide,Self-Destruct,Egg Bomb,Rest,Psywave,Explosion,Substitute,,,,,,,,,,,,,,,,,,,,,,,,,,,,,,,,,,,,
Exeggutor,Barrage,Hypnosis,Stomp,Leech Seed,Poison Powder,Reflect,Sleep Powder,Solar Beam,Stun Spore,Strength,Toxic,Take Down,Double-Edge,Hyper Beam,Rage,Mega Drain,,Psychic,Teleport,Mimic,Double Team,,Bide,Self-Destruct,Egg Bomb,Rest,Psywave,Explosion,Substitute,,,,,,,,,,,,,,,,,,,,,,,,,,,,,,,
Cubone,Bone Club,Growl,Leer,Focus Energy,Thrash,Bonemerang,Rage,Strength,Mega Punch,Mega Kick,Toxic,Body Slam,Take Down,Double-Edge,Bubble Beam,Water Gun,Ice Beam,Blizzard,Submission,Counter,Seismic Toss,,Earthquake,Fissure,Dig,Mimic,Double Team,Bide,Fire Blast,Skull Bash,Rest,Substitute,Headbutt,Tail Whip,,,,,,,,,,,,,,,,,,,,,,,,,,
Marowak,Bone Club,Focus Energy,Growl,Leer,,,Thrash,Bonemerang,Rage,Strength,Mega Punch,Mega Kick,Toxic,Body Slam,Take Down,Double-Edge,Bubble Beam,Water Gun,Ice Beam,Blizzard,Hyper Beam,Submission,Counter,Seismic Toss,,Earthquake,Fissure,Dig,Mimic,Double Team,Bide,Fire Blast,Skull Bash,Rest,Substitute,,Tail Whip,,,Headbutt,,,,,,,,,,,,,,,,,,,,
Hitmonlee,Double Kick,Meditate,Rolling Kick,Jump Kick,Focus Energy,High Jump Kick,Mega Kick,Strength,Mega Punch,,Toxic,Body Slam,Take Down,Double-Edge,Submission,Counter,Seismic Toss,Rage,Mimic,Double Team,Bide,Metronome,Swift,Skull Bash,Rest,Substitute,,,,,,,,,,,,,,,,,,,,,,,,,,,,,,,,,,
Hitmonchan,Agility,Comet Punch,Fire Punch,Ice Punch,Thunder Punch,Mega Punch,Counter,Strength,,Mega Kick,Toxic,Body Slam,Take Down,Double-Edge,Submission,,Seismic Toss,Rage,Mimic,Double Team,Bide,Metronome,Swift,Skull Bash,Rest,Substitute,,,,,,,,,,,,,,,,,,,,,,,,,,,,,,,,,,
Lickitung,Supersonic,Wrap,Stomp,Disable,Defense Curl,Slam,Screech,Cut,Surf,Strength,Mega Punch,Swords Dance,Mega Kick,Toxic,Body Slam,Take Down,Double-Edge,Bubble Beam,Water Gun,Ice Beam,Blizzard,Hyper Beam,Submission,Counter,Seismic Toss,Rage,Thunderbolt,Thunder,Earthquake,Fissure,Mimic,Double Team,Bide,Fire Blast,Skull Bash,Rest,Substitute,,,,,,,,,,,,,,,,,,,,,,,
Koffing,Smog,Tackle,Sludge,Smokescreen,Self-Destruct,Haze,Explosion,Toxic,Rage,Thunderbolt,Thunder,Mimic,Double Team,Bide,,Fire Blast,Rest,,Substitute,,,,,,,,,,,,,,,,,,,,,,,,,,,,,,,,,,,,,,,,,
Weezing,Sludge,Smog,Tackle,,Smokescreen,Self-Destruct,Haze,Explosion,Toxic,Hyper Beam,Rage,Thunderbolt,Thunder,Mimic,Double Team,Bide,,Fire Blast,Rest,,Substitute,,,,,,,,,,,,,,,,,,,,,,,,,,,,,,,,,,,,,,,
Rhyhorn,Horn Attack,Stomp,Tail Whip,Fury Attack,Horn Drill,Leer,Take Down,Strength,Toxic,,Body Slam,,Double-Edge,Rage,Thunderbolt,Thunder,Earthquake,Fissure,Dig,Mimic,Double Team,Bide,Fire Blast,Skull Bash,Rest,Rock Slide,Substitute,,,,,,,,,,,,,,,,,,,,,,,,,,,,,,,,,
Rhydon,Fury Attack,Horn Attack,Stomp,Tail Whip,,,,Horn Drill,Leer,Take Down,Surf,Strength,Mega Punch,Mega Kick,Toxic,,Body Slam,,Double-Edge,Bubble Beam,Water Gun,Ice Beam,Blizzard,Hyper Beam,Pay Day,Submission,Counter,Seismic Toss,Rage,Thunderbolt,Thunder,Earthquake,Fissure,Dig,Mimic,Double Team,Bide,Fire Blast,Skull Bash,Rest,Rock Slide,Substitute,,,,,,,,,,,,,,,,,,
Chansey,Double Slap,Pound,Sing,Growl,Minimize,Defense Curl,Light Screen,Double-Edge,Strength,Flash,Mega Punch,Mega Kick,Toxic,Body Slam,Take Down,,Bubble Beam,Water Gun,Ice Beam,Blizzard,Hyper Beam,Submission,Counter,Seismic Toss,Rage,Solar Beam,Thunderbolt,Thunder,Psychic,Teleport,Mimic,Double Team,Reflect,Bide,Metronome,Egg Bomb,Fire Blast,Skull Bash,Soft-Boiled,Rest,Thunder Wave,Psywave,Tri Attack,Substitute,Tail Whip,,,,,,,,,,,,,,,
Tangela,Bind,Constrict,Absorb,Poison Powder,Stun Spore,Sleep Powder,Slam,Growth,Cut,Swords Dance,Toxic,Body Slam,Take Down,Double-Edge,Hyper Beam,Rage,Mega Drain,Solar Beam,Mimic,Double Team,Bide,Skull Bash,Rest,Substitute,Vine Whip,,,,,,,,,,,,,,,,,,,,,,,,,,,,,,,,,,,
Kangaskhan,Comet Punch,Rage,Bite,Tail Whip,Mega Punch,Leer,Dizzy Punch,Surf,Strength,,Mega Kick,Toxic,Body Slam,Take Down,Double-Edge,Bubble Beam,Water Gun,Ice Beam,Blizzard,Hyper Beam,Submission,Counter,Seismic Toss,,Thunderbolt,Thunder,Earthquake,Fissure,Mimic,Double Team,Bide,Fire Blast,Skull Bash,Rest,Rock Slide,Substitute,,,,,,,,,,,,,,,,,,,,,,,,
Horsea,Bubble,Smokescreen,Leer,Water Gun,Agility,Hydro Pump,Surf,Toxic,Take Down,Double-Edge,Bubble Beam,,Ice Beam,Blizzard,Rage,Mimic,Double Team,Bide,Swift,Skull Bash,Rest,Substitute,,,,,,,,,,,,,,,,,,,,,,,,,,,,,,,,,,,,,,
Seadra,Bubble,Smokescreen,,Leer,Water Gun,Agility,Hydro Pump,Surf,Toxic,Take Down,Double-Edge,Bubble Beam,,Ice Beam,Blizzard,Hyper Beam,Rage,Mimic,Double Team,Bide,Swift,Skull Bash,Rest,Substitute,,,,,,,,,,,,,,,,,,,,,,,,,,,,,,,,,,,,
Goldeen,Peck,Tail Whip,Supersonic,Horn Attack,Fury Attack,Waterfall,Horn Drill,Agility,Surf,Toxic,,Take Down,Double-Edge,Bubble Beam,Water Gun,Ice Beam,Blizzard,Rage,Mimic,Double Team,Bide,Swift,Skull Bash,Rest,Substitute,,,,,,,,,,,,,,,,,,,,,,,,,,,,,,,,,,,
Seaking,Peck,Supersonic,Tail Whip,,Horn Attack,Fury Attack,Waterfall,Horn Drill,Agility,Surf,Toxic,,Take Down,Double-Edge,Bubble Beam,Water Gun,Ice Beam,Blizzard,Hyper Beam,Rage,Mimic,Double Team,Bide,Swift,Skull Bash,Rest,Substitute,,,,,,,,,,,,,,,,,,,,,,,,,,,,,,,,,
Staryu,Tackle,Water Gun,Harden,Recover,Swift,Minimize,Light Screen,Hydro Pump,Surf,Flash,Toxic,Take Down,Double-Edge,Bubble Beam,,Ice Beam,Blizzard,Rage,Thunderbolt,Thunder,Psychic,Teleport,Mimic,Double Team,Reflect,Bide,,Skull Bash,Rest,Thunder Wave,Psywave,Tri Attack,Substitute,,,,,,,,,,,,,,,,,,,,,,,,,,,
Starmie,Harden,Tackle,Water Gun,Hydro Pump,Light Screen,Minimize,Recover,Swift,Surf,Flash,Toxic,Take Down,Double-Edge,Bubble Beam,,Ice Beam,Blizzard,Hyper Beam,Rage,Thunderbolt,Thunder,Psychic,Teleport,Mimic,Double Team,Reflect,Bide,,Skull Bash,Rest,Thunder Wave,Psywave,Tri Attack,Substitute,,,,,,,,,,,,,,,,,,,,,,,,,,
Mrmime,Barrier,Confusion,,Light Screen,Double Slap,Meditate,Substitute,Flash,Mega Punch,Mega Kick,Toxic,Body Slam,Take Down,Double-Edge,Hyper Beam,Submission,Counter,Seismic Toss,Rage,Solar Beam,Thunderbolt,Thunder,Psychic,Teleport,Mimic,Double Team,Reflect,Bide,Metronome,Skull Bash,Rest,Thunder Wave,Psywave,,,,,,,,,,,,,,,,,,,,,,,,,,,
Scyther,Quick Attack,Leer,Focus Energy,Double Team,Slash,Swords Dance,Agility,Cut,,Toxic,Take Down,Double-Edge,Hyper Beam,Rage,Mimic,,Bide,Swift,Skull Bash,Rest,Substitute,Wing Attack,,,,,,,,,,,,,,,,,,,,,,,,,,,,,,,,,,,,,,
Jynx,Lovely Kiss,Pound,Lick,Double Slap,Ice Punch,Body Slam,Thrash,Blizzard,Mega Punch,Mega Kick,Toxic,,Take Down,Double-Edge,Bubble Beam,Water Gun,Ice Beam,,Hyper Beam,Submission,Counter,Seismic Toss,Rage,Psychic,Teleport,Mimic,Double Team,Reflect,Bide,Metronome,Skull Bash,Rest,Psywave,Substitute,,,,,,,,,,,,,,,,,,,,,,,,,,
Electabuzz,Leer,Quick Attack,Thunder Shock,Screech,Thunder Punch,Light Screen,Thunder,Strength,Flash,Mega Punch,Mega Kick,Toxic,Body Slam,Take Down,Double-Edge,Hyper Beam,Submission,Counter,Seismic Toss,Rage,Thunderbolt,,Psychic,Teleport,Mimic,Double Team,Reflect,Bide,Metronome,Swift,Skull Bash,Rest,Thunder Wave,Psywave,Substitute,,,,,,,,,,,,,,,,,,,,,,,,,
Magmar,Ember,Leer,Confuse Ray,Fire Punch,Smokescreen,Smog,Flamethrower,Strength,Mega Punch,Mega Kick,Toxic,Body Slam,Take Down,Double-Edge,Hyper Beam,Submission,Counter,Seismic Toss,Rage,Psychic,Teleport,Mimic,Double Team,Bide,Metronome,Fire Blast,Skull Bash,Rest,Psywave,Substitute,,,,,,,,,,,,,,,,,,,,,,,,,,,,,,
Pinsir,Vice Grip,Seismic Toss,Guillotine,Focus Energy,Harden,Slash,Swords Dance,Cut,Strength,Bind,Toxic,Body Slam,Take Down,Double-Edge,Hyper Beam,Submission,,Rage,Mimic,Double Team,Bide,Rest,Substitute,,,,,,,,,,,,,,,,,,,,,,,,,,,,,,,,,,,,,
Tauros,Tackle,Stomp,Tail Whip,Leer,Rage,Take Down,Strength,Toxic,Horn Drill,Body Slam,,Double-Edge,Ice Beam,Blizzard,Hyper Beam,,Thunderbolt,Thunder,Earthquake,Fissure,Mimic,Double Team,Bide,Fire Blast,Skull Bash,Rest,Substitute,,,,,,,,,,,,,,,,,,,,,,,,,,,,,,,,,
Magikarp,Splash,Tackle,,,,,,,,,,,,,,,,,,,,,,,,,,,,,,,,,,,,,,,,,,,,,,,,,,,,,,,,,,
Gyarados,Bite,Dragon Rage,Hydro Pump,Leer,,,,,Hyper Beam,Splash,Tackle,Surf,Strength,Toxic,Body Slam,Take Down,Double-Edge,Bubble Beam,Water Gun,Ice Beam,Blizzard,,Rage,,Thunderbolt,Thunder,Mimic,Double Team,Reflect,Bide,Fire Blast,Skull Bash,Rest,Substitute,,,,,,,,,,,,,,,,,,,,,,,,,,
Lapras,Growl,Water Gun,Sing,Mist,Body Slam,Confuse Ray,Ice Beam,Hydro Pump,Surf,Strength,Toxic,Horn Drill,,Take Down,Double-Edge,Bubble Beam,,,Blizzard,Hyper Beam,Rage,Solar Beam,Dragon Rage,Thunderbolt,Thunder,Psychic,Mimic,Double Team,Reflect,Bide,Skull Bash,Rest,Psywave,Substitute,,,,,,,,,,,,,,,,,,,,,,,,,,
Ditto,Transform,,,,,,,,,,,,,,,,,,,,,,,,,,,,,,,,,,,,,,,,,,,,,,,,,,,,,,,,,,,
Eevee,Sand Attack,Tackle,Quick Attack,Tail Whip,Bite,Take Down,Toxic,Body Slam,,Double-Edge,Rage,Mimic,Double Team,Reflect,Bide,Swift,Skull Bash,Rest,Substitute,Growl,Focus Energy,,,,,,,,,,,,,,,,,,,,,,,,,,,,,,,,,,,,,,,
Vaporeon,Quick Attack,Sand Attack,Tackle,Water Gun,,,Tail Whip,Bite,Acid Armor,Haze,Mist,Hydro Pump,Take Down,Surf,Toxic,Body Slam,,Double-Edge,Bubble Beam,,Ice Beam,Blizzard,Hyper Beam,Rage,Mimic,Double Team,Reflect,Bide,Swift,Skull Bash,Rest,Substitute,Growl,Focus Energy,Aurora Beam,,,,,,,,,,,,,,,,,,,,,,,,,
Jolteon,Quick Attack,Sand Attack,Tackle,Thunder Shock,,,Tail Whip,Thunder Wave,Double Kick,Agility,Pin Missile,Thunder,Bite,Take Down,Flash,Toxic,Body Slam,,Double-Edge,Hyper Beam,Rage,Thunderbolt,,Mimic,Double Team,Reflect,Bide,Swift,Skull Bash,Rest,,Substitute,Growl,Focus Energy,,,,,,,,,,,,,,,,,,,,,,,,,,
Flareon,Ember,Quick Attack,Sand Attack,Tackle,,,Tail Whip,Bite,Leer,Fire Spin,Rage,Flamethrower,Take Down,Toxic,Body Slam,,Double-Edge,Hyper Beam,,Mimic,Double Team,Reflect,Bide,Fire Blast,Swift,Skull Bash,Rest,Substitute,Growl,Focus Energy,Smog,,,,,,,,,,,,,,,,,,,,,,,,,,,,,
Porygon,Conversion,Sharpen,Tackle,Psybeam,Recover,Agility,Tri Attack,Flash,Toxic,Take Down,Double-Edge,Ice Beam,Blizzard,Hyper Beam,Rage,Thunderbolt,Thunder,Psychic,Teleport,Mimic,Double Team,Reflect,Bide,Swift,Skull Bash,Rest,Thunder Wave,Psywave,,Substitute,,,,,,,,,,,,,,,,,,,,,,,,,,,,,,
Omanyte,Water Gun,Withdraw,Horn Attack,Leer,Spike Cannon,Hydro Pump,Surf,Toxic,Body Slam,Take Down,Double-Edge,Bubble Beam,,Ice Beam,Blizzard,Rage,Mimic,Double Team,Reflect,Bide,Rest,Substitute,,,,,,,,,,,,,,,,,,,,,,,,,,,,,,,,,,,,,,
Omastar,Horn Attack,Water Gun,Withdraw,,Leer,Spike Cannon,Hydro Pump,Surf,Toxic,Horn Drill,Body Slam,Take Down,Double-Edge,Bubble Beam,,Ice Beam,Blizzard,Hyper Beam,Submission,Seismic Toss,Rage,Mimic,Double Team,Reflect,Bide,Skull Bash,Rest,Substitute,,,,,,,,,,,,,,,,,,,,,,,,,,,,,,,,
Kabuto,Harden,Scratch,Absorb,Slash,Leer,Hydro Pump,Surf,Toxic,Body Slam,Take Down,Double-Edge,Bubble Beam,Water Gun,Ice Beam,Blizzard,Rage,Mimic,Double Team,Reflect,Bide,Rest,Substitute,,,,,,,,,,,,,,,,,,,,,,,,,,,,,,,,,,,,,,
Kabutops,Absorb,Harden,Scratch,,Slash,Leer,Hydro Pump,Surf,Razor Wind,Swords Dance,Mega Kick,Toxic,Body Slam,Take Down,Double-Edge,Bubble Beam,Water Gun,Ice Beam,Blizzard,Hyper Beam,Submission,Seismic Toss,Rage,Mimic,Double Team,Reflect,Bide,Skull Bash,Rest,Substitute,,,,,,,,,,,,,,,,,,,,,,,,,,,,,,
Aerodactyl,Agility,Wing Attack,Supersonic,Bite,Take Down,Hyper Beam,Fly,Razor Wind,Whirlwind,Toxic,,Double-Edge,,Rage,Dragon Rage,Mimic,Double Team,Reflect,Bide,Fire Blast,Swift,Sky Attack,Rest,Substitute,,,,,,,,,,,,,,,,,,,,,,,,,,,,,,,,,,,,
Snorlax,Amnesia,Headbutt,Rest,Body Slam,Harden,Double-Edge,Hyper Beam,Surf,Strength,Mega Punch,Mega Kick,Toxic,,Take Down,,Bubble Beam,Water Gun,Ice Beam,Blizzard,,Pay Day,Submission,Counter,Seismic Toss,Rage,Solar Beam,Thunderbolt,Thunder,Earthquake,Fissure,Psychic,Mimic,Double Team,Reflect,Bide,Metronome,Self-Destruct,Fire Blast,Skull Bash,,Psywave,Rock Slide,Substitute,,,,,,,,,,,,,,,,,
Articuno,Ice Beam,Peck,Blizzard,Agility,Mist,Fly,Razor Wind,Whirlwind,Toxic,Take Down,Double-Edge,Bubble Beam,Water Gun,,,Hyper Beam,Rage,Mimic,Double Team,Reflect,Bide,Swift,Sky Attack,Rest,Substitute,,,,,,,,,,,,,,,,,,,,,,,,,,,,,,,,,,,
Zapdos,Drill Peck,Thunder Shock,Thunder,Agility,Light Screen,Fly,Flash,Razor Wind,Whirlwind,Toxic,Take Down,Double-Edge,Hyper Beam,Rage,Thunderbolt,,Mimic,Double Team,Reflect,Bide,Swift,Sky Attack,Rest,Thunder Wave,Substitute,,,,,,,,,,,,,,,,,,,,,,,,,,,,,,,,,,,
Moltres,Fire Spin,Peck,Leer,Agility,Sky Attack,Fly,Razor Wind,Whirlwind,Toxic,Take Down,Double-Edge,Hyper Beam,Rage,Mimic,Double Team,Reflect,Bide,Fire Blast,Swift,,Rest,Substitute,,,,,,,,,,,,,,,,,,,,,,,,,,,,,,,,,,,,,,
Dratini,Leer,Wrap,Thunder Wave,Agility,Slam,Dragon Rage,Hyper Beam,Surf,Toxic,Body Slam,Take Down,Double-Edge,Bubble Beam,Water Gun,Ice Beam,Blizzard,Rage,,Thunderbolt,Thunder,Mimic,Double Team,Reflect,Bide,Fire Blast,Swift,Skull Bash,Rest,,Substitute,,,,,,,,,,,,,,,,,,,,,,,,,,,,,,
Dragonair,Leer,Thunder Wave,Wrap,,Agility,Slam,Dragon Rage,Hyper Beam,Surf,Toxic,Horn Drill,Body Slam,Take Down,Double-Edge,Bubble Beam,Water Gun,Ice Beam,Blizzard,Rage,,Thunderbolt,Thunder,Mimic,Double Team,Reflect,Bide,Fire Blast,Swift,Skull Bash,Rest,,Substitute,,,,,,,,,,,,,,,,,,,,,,,,,,,,
Dragonite,Agility,Leer,Thunder Wave,Wrap,,,Slam,Dragon Rage,Hyper Beam,Surf,Strength,Razor Wind,Toxic,Horn Drill,Body Slam,Take Down,Double-Edge,Bubble Beam,Water Gun,Ice Beam,Blizzard,,Rage,,Thunderbolt,Thunder,Mimic,Double Team,Reflect,Bide,Fire Blast,Swift,Skull Bash,Rest,,Substitute,,,,,,,,,,,,,,,,,,,,,,,,
Mewtwo,Confusion,Disable,Psychic,Swift,Barrier,,Recover,Mist,Amnesia,Strength,Flash,Mega Punch,Mega Kick,Toxic,Body Slam,Take Down,Double-Edge,Bubble Beam,Water Gun,Ice Beam,Blizzard,Hyper Beam,Pay Day,Submission,Counter,Seismic Toss,Rage,Solar Beam,Thunderbolt,Thunder,,Teleport,Mimic,Double Team,Reflect,Bide,Metronome,Self-Destruct,Fire Blast,Skull Bash,Rest,Thunder Wave,Psywave,Tri Attack,Substitute,,,,,,,,,,,,,,,
Mew,Pound,Transform,Mega Punch,Metronome,Psychic,Cut,Fly,Surf,Strength,Flash,,Razor Wind,Swords Dance,Whirlwind,Mega Kick,Toxic,Horn Drill,Body Slam,Take Down,Double-Edge,Bubble Beam,Water Gun,Ice Beam,Blizzard,Hyper Beam,Pay Day,Submission,Counter,Seismic Toss,Rage,Mega Drain,Solar Beam,Dragon Rage,Thunderbolt,Thunder,Earthquake,Fissure,Dig,,Teleport,Mimic,Double Team,Reflect,Bide,,Self-Destruct,Egg Bomb,Fire Blast,Swift,Skull Bash,Soft-Boiled,Dream Eater,Sky Attack,Rest,Thunder Wave,Psywave,Explosion,Rock Slide,Tri Attack,Substitute
