Bulbasaur,Growl,Tackle,Leech Seed,Vine Whip,Poison Powder,Razor Leaf,Growth,Sleep Powder,Solar Beam,Cut,Swords Dance,Toxic,Body Slam,Take Down,Double-Edge,Rage,Mega Drain,,Mimic,Double Team,Reflect,Bide,Rest,Substitute,Headbutt,Roar,Defense Curl,Light Screen,Petal Dance,Razor Wind,Skull Bash,,,,,,,,,,,,,,,,,,,,,,,,,,,,,,,,,,,,,
Ivysaur,Growl,Leech Seed,Tackle,,Vine Whip,Poison Powder,Razor Leaf,Growth,Sleep Powder,Solar Beam,Cut,Swords Dance,Toxic,Body Slam,Take Down,Double-Edge,Rage,Mega Drain,,Mimic,Double Team,Reflect,Bide,Rest,Substitute,Headbutt,Roar,Defense Curl,Light Screen,Petal Dance,Razor Wind,Skull Bash,,,,,,,,,,,,,,,,,,,,,,,,,,,,,,,,,,,,
Venusaur,Growl,Leech Seed,Tackle,Vine Whip,,,Poison Powder,Razor Leaf,Growth,Sleep Powder,Solar Beam,Cut,Swords Dance,Toxic,Body Slam,Take Down,Double-Edge,Hyper Beam,Rage,Mega Drain,,Mimic,Double Team,Reflect,Bide,Rest,Substitute,Headbutt,Roar,Defense Curl,Light Screen,Petal Dance,Razor Wind,Skull Bash,,,,,,,,,,,,,,,,,,,,,,,,,,,,,,,,,,
Charmander,Growl,Scratch,Ember,Leer,Rage,Slash,Flamethrower,Fire Spin,Cut,Strength,Mega Punch,Swords Dance,Mega Kick,Toxic,Body Slam,Take Down,Double-Edge,Submission,Counter,Seismic Toss,,Dragon Rage,Dig,Mimic,Double Team,Reflect,Bide,Fire Blast,Swift,Skull Bash,Rest,Substitute,Smokescreen,Headbutt,Roar,Defense Curl,Fire Punch,Bite,Rock Slide,,,,,,,,,,,,,,,,,,,,,,,,,,,,,
Charmeleon,Ember,Growl,Scratch,,Leer,Rage,Slash,Flamethrower,Fire Spin,Cut,Strength,Mega Punch,Swords Dance,Mega Kick,Toxic,Body Slam,Take Down,Double-Edge,Submission,Counter,Seismic Toss,,Dragon Rage,Dig,Mimic,Double Team,Reflect,Bide,Fire Blast,Swift,Skull Bash,Rest,Substitute,Smokescreen,Headbutt,Roar,Defense Curl,Fire Punch,Bite,Rock Slide,,,,,,,,,,,,,,,,,,,,,,,,,,,,
Charizard,Ember,Growl,Leer,Scratch,,,Rage,Slash,Flamethrower,Fire Spin,Cut,Strength,Mega Punch,Swords Dance,Mega Kick,Toxic,Body Slam,Take Down,Double-Edge,Hyper Beam,Submission,Counter,Seismic Toss,,Dragon Rage,Earthquake,Fissure,Dig,Mimic,Double Team,Reflect,Bide,Fire Blast,Swift,Skull Bash,Rest,Substitute,Smokescreen,Wing Attack,Headbutt,Roar,Defense Curl,Fire Punch,Bite,Rock Slide,,,,,,,,,,,,,,,,,,,,,,,
Squirtle,Tackle,Tail Whip,Bubble,Water Gun,Bite,Withdraw,Skull Bash,Hydro Pump,Surf,Strength,Mega Punch,Mega Kick,Toxic,Body Slam,Take Down,Double-Edge,Bubble Beam,,Ice Beam,Blizzard,Submission,Counter,Seismic Toss,Rage,Dig,Mimic,Double Team,Reflect,Bide,,Rest,Substitute,Headbutt,Roar,Ice Punch,Defense Curl,Waterfall,Confusion,Haze,Mist,,,,,,,,,,,,,,,,,,,,,,,,,,,,
Wartortle,Bubble,Tackle,Tail Whip,,Water Gun,Bite,Withdraw,Skull Bash,Hydro Pump,Surf,Strength,Mega Punch,Mega Kick,Toxic,Body Slam,Take Down,Double-Edge,Bubble Beam,,Ice Beam,Blizzard,Submission,Counter,Seismic Toss,Rage,Dig,Mimic,Double Team,Reflect,Bide,,Rest,Substitute,Headbutt,Roar,Ice Punch,Defense Curl,Waterfall,Confusion,Haze,Mist,,,,,,,,,,,,,,,,,,,,,,,,,,,
Blastoise,Bubble,Tackle,Tail Whip,Water Gun,,,Bite,Withdraw,Skull Bash,Hydro Pump,Surf,Strength,Mega Punch,Mega Kick,Toxic,Body Slam,Take Down,Double-Edge,Bubble Beam,,Ice Beam,Blizzard,Hyper Beam,Submission,Counter,Seismic Toss,Rage,Earthquake,Fissure,Dig,Mimic,Double Team,Reflect,Bide,,Rest,Substitute,Headbutt,Roar,Ice Punch,Defense Curl,Waterfall,Confusion,Haze,Mist,,,,,,,,,,,,,,,,,,,,,,,
Caterpie,String Shot,Tackle,,,,,,,,,,,,,,,,,,,,,,,,,,,,,,,,,,,,,,,,,,,,,,,,,,,,,,,,,,,,,,,,,,
Metapod,Harden,String Shot,Tackle,,,,,,,,,,,,,,,,,,,,,,,,,,,,,,,,,,,,,,,,,,,,,,,,,,,,,,,,,,,,,,,,,
Butterfree,Confusion,,Poison Powder,Stun Spore,Sleep Powder,Supersonic,Whirlwind,Psybeam,Harden,String Shot,Tackle,Razor Wind,,Toxic,Take Down,Double-Edge,Hyper Beam,Rage,Mega Drain,Solar Beam,Psychic,Teleport,Mimic,Double Team,Reflect,Bide,Swift,Rest,Psywave,Substitute,,,,,,,,Gust,,,,,,,,,,,,,,,,,,,,,,,,,,,,,,
Weedle,Poison Sting,String Shot,,,,,,,,,,,,,,,,,,,,,,,,,,,,,,,,,,,,,,,,,,,,,,,,,,,,,,,,,,,,,,,,,,
Kakuna,Harden,Poison Sting,String Shot,,,,,,,,,,,,,,,,,,,,,,,,,,,,,,,,,,,,,,,,,,,,,,,,,,,,,,,,,,,,,,,,,
Beedrill,Fury Attack,,Focus Energy,Twineedle,Rage,Pin Missile,Agility,Harden,Poison Sting,String Shot,Cut,Swords Dance,Toxic,Take Down,Double-Edge,Hyper Beam,,Mega Drain,Mimic,Double Team,Reflect,Bide,Swift,Skull Bash,Rest,Substitute,,,,,,,,,,,,,,,,,,,,,,,,,,,,,,,,,,,,,,,,,,
Pidgey,Gust,Sand Attack,Quick Attack,Whirlwind,Wing Attack,Agility,Mirror Move,Fly,Razor Wind,,Toxic,Take Down,Double-Edge,Rage,Mimic,Double Team,Reflect,Bide,Swift,Sky Attack,Rest,Substitute,,,,,,,,,,,,,,,,,,,,,,,,,,,,,,,,,,,,,,,,,,,,,,
Pidgeotto,Gust,Sand Attack,,Quick Attack,Whirlwind,Wing Attack,Agility,Mirror Move,Fly,Razor Wind,,Toxic,Take Down,Double-Edge,Rage,Mimic,Double Team,Reflect,Bide,Swift,Sky Attack,Rest,Substitute,,,,,,,,,,,,,,,,,,,,,,,,,,,,,,,,,,,,,,,,,,,,,
Pidgeot,Gust,Quick Attack,Sand Attack,,,Whirlwind,Wing Attack,Agility,Mirror Move,Fly,Razor Wind,,Toxic,Take Down,Double-Edge,Hyper Beam,Rage,Mimic,Double Team,Reflect,Bide,Swift,Sky Attack,Rest,Substitute,,,,,,,,,,,,,,,,,,,,,,,,,,,,,,,,,,,,,,,,,,,
Rattata,Tackle,Tail Whip,Quick Attack,Hyper Fang,Focus Energy,Super Fang,Toxic,Body Slam,Take Down,Double-Edge,Bubble Beam,Water Gun,Blizzard,Rage,Thunderbolt,Thunder,Dig,Mimic,Double Team,Bide,Swift,Skull Bash,Rest,Substitute,Headbutt,Roar,Defense Curl,Bite,Counter,Fury Swipes,Screench,,,,,,,,,,,,,,,,,,,,,,,,,,,,,,,,,,,,,
Raticate,Quick Attack,Tackle,Tail Whip,,Hyper Fang,Focus Energy,Super Fang,Toxic,Body Slam,Take Down,Double-Edge,Bubble Beam,Water Gun,Ice Beam,Blizzard,Hyper Beam,Rage,Thunderbolt,Thunder,Dig,Mimic,Double Team,Bide,Swift,Skull Bash,Rest,Substitute,Headbutt,Roar,Defense Curl,Bite,Counter,Fury Swipes,Screench,,,,,,,,,,,,,,,,,,,,,,,,,,,,,,,,,,
Spearow,Growl,Peck,Leer,Fury Attack,Mirror Move,Drill Peck,Agility,Fly,Razor Wind,Whirlwind,Toxic,Take Down,Double-Edge,Rage,Mimic,Double Team,Bide,Swift,Sky Attack,Rest,Substitute,Quick Attack,Tri Attack,Sonic Boom,,,,,,,,,,,,,,,,,,,,,,,,,,,,,,,,,,,,,,,,,,,,
Fearow,Growl,Leer,Peck,,Fury Attack,Mirror Move,Drill Peck,Agility,Fly,Razor Wind,Whirlwind,Toxic,Take Down,Double-Edge,Hyper Beam,Rage,Mimic,Double Team,Bide,Swift,Sky Attack,Rest,Substitute,Quick Attack,Tri Attack,Sonic Boom,,,,,,,,,,,,,,,,,,,,,,,,,,,,,,,,,,,,,,,,,,
Ekans,Leer,Wrap,Poison Sting,Bite,Glare,Screech,Acid,Strength,Toxic,Body Slam,Take Down,Double-Edge,Rage,Mega Drain,Earthquake,Fissure,Dig,Mimic,Double Team,Bide,Skull Bash,Rest,Rock Slide,Substitute,Haze,Headbutt,Slam,,,,,,,,,,,,,,,,,,,,,,,,,,,,,,,,,,,,,,,,,
Arbok,Leer,Poison Sting,Wrap,,Bite,Glare,Screech,Acid,Strength,Toxic,Body Slam,Take Down,Double-Edge,Hyper Beam,Rage,Mega Drain,Earthquake,Fissure,Dig,Mimic,Double Team,Bide,Skull Bash,Rest,Rock Slide,Substitute,Haze,Headbutt,Slam,,,,,,,,,,,,,,,,,,,,,,,,,,,,,,,,,,,,,,,
Pikachu,Growl,Thunder Shock,Thunder Wave,Quick Attack,Swift,Agility,Thunder,Flash,Mega Punch,Mega Kick,Toxic,Body Slam,Take Down,Double-Edge,Pay Day,Submission,Seismic Toss,Rage,Thunderbolt,,Mimic,Double Team,Reflect,Bide,,Skull Bash,Rest,,Substitute,Headbutt,Defense Curl,Double Slap,Sing,Petal Dance,Dizzy Punch,,,,,,,,,,,,,,,,,,,,,,,,,,,,,,,,,
Raichu,Growl,Thunder Shock,Thunder Wave,Agility,Quick Attack,Swift,Thunder,Flash,Mega Punch,Mega Kick,Toxic,Body Slam,Take Down,Double-Edge,Hyper Beam,Pay Day,Submission,Seismic Toss,Rage,Thunderbolt,,Mimic,Double Team,Reflect,Bide,,Skull Bash,Rest,,Substitute,Headbutt,Defense Curl,Double Slap,Sing,Petal Dance,Dizzy Punch,,,,,,,,,,,,,,,,,,,,,,,,,,,,,,,,
Sandshrew,Scratch,Sand Attack,Slash,Poison Sting,Swift,Fury Swipes,Cut,Strength,Swords Dance,Toxic,Body Slam,Take Down,Double-Edge,Submission,Seismic Toss,Rage,Earthquake,Fissure,Dig,Mimic,Double Team,Bide,,Skull Bash,Rest,Rock Slide,Substitute,Defense Curl,Headbutt,Counter,,,,,,,,,,,,,,,,,,,,,,,,,,,,,,,,,,,,,,
Sandslash,Sand Attack,Scratch,,Slash,Poison Sting,Swift,Fury Swipes,Cut,Strength,Swords Dance,Toxic,Body Slam,Take Down,Double-Edge,Hyper Beam,Submission,Seismic Toss,Rage,Earthquake,Fissure,Dig,Mimic,Double Team,Bide,,Skull Bash,Rest,Rock Slide,Substitute,Defense Curl,Headbutt,Counter,,,,,,,,,,,,,,,,,,,,,,,,,,,,,,,,,,,,
Nidoran-f,Growl,Tackle,Scratch,Poison Sting,Tail Whip,Bite,Fury Swipes,Double Kick,Toxic,Body Slam,Take Down,Double-Edge,Blizzard,Rage,Thunderbolt,Thunder,Mimic,Double Team,Reflect,Bide,Skull Bash,Rest,Substitute,Headbutt,Roar,Defense Curl,Disable,Focus Energy,Supersonic,Lovely Kiss,Counter,,,,,,,,,,,,,,,,,,,,,,,,,,,,,,,,,,,,,
Nidorina,Growl,Scratch,Tackle,,Poison Sting,Tail Whip,Bite,Fury Swipes,Double Kick,Toxic,Horn Drill,Body Slam,Take Down,Double-Edge,Bubble Beam,Water Gun,Ice Beam,Blizzard,Rage,Thunderbolt,Thunder,Mimic,Double Team,Reflect,Bide,Skull Bash,Rest,Substitute,Headbutt,Roar,Defense Curl,Disable,Focus Energy,Supersonic,Lovely Kiss,Counter,,,,,,,,,,,,,,,,,,,,,,,,,,,,,,,,
Nidoqueen,Body Slam,Scratch,Tackle,Tail Whip,,Poison Sting,,Bite,Double Kick,Fury Swipes,Growl,Surf,Strength,Mega Punch,Mega Kick,Toxic,Horn Drill,,Take Down,Double-Edge,Bubble Beam,Water Gun,Ice Beam,Blizzard,Hyper Beam,Pay Day,Submission,Counter,Seismic Toss,Rage,Thunderbolt,Thunder,Earthquake,Fissure,Mimic,Double Team,Reflect,Bide,Fire Blast,Skull Bash,Rest,Rock Slide,Substitute,Headbutt,Roar,Defense Curl,Ice Punch,Thunder Punch,Fire Punch,Disable,Focus Energy,Supersonic,Lovely Kiss,Flamethrower,,,,,,,,,,,,,,
Nidoran-m,Leer,Tackle,Horn Attack,Poison Sting,Focus Energy,Fury Attack,Horn Drill,Double Kick,Toxic,,Body Slam,Take Down,Double-Edge,Blizzard,Rage,Thunderbolt,Thunder,Mimic,Double Team,Reflect,Bide,Skull Bash,Rest,Substitute,Headbutt,Roar,Defense Curl,Amnesia,Confusion ,Counter,Disable,Supersonic,Lovely Kiss,,,,,,,,,,,,,,,,,,,,,,,,,,,,,,,,,,,
Nidorino,Horn Attack,Leer,Tackle,,Poison Sting,Focus Energy,Fury Attack,Horn Drill,Double Kick,Toxic,,Body Slam,Take Down,Double-Edge,Bubble Beam,Water Gun,Ice Beam,Blizzard,Rage,Thunderbolt,Thunder,Mimic,Double Team,Reflect,Bide,Skull Bash,Rest,Substitute,Headbutt,Roar,Defense Curl,Amnesia,Confusion,Counter,Disable,Supersonic,Lovely Kiss,,,,,,,,,,,,,,,,,,,,,,,,,,,,,,,
Nidoking,Horn Attack,Poison Sting,Tackle,Thrash,,,,Double Kick,Focus Energy,Fury Attack,Horn Drill,Leer,Surf,Strength,Mega Punch,Mega Kick,Toxic,,Body Slam,Take Down,Double-Edge,Bubble Beam,Water Gun,Ice Beam,Blizzard,Hyper Beam,Pay Day,Submission,Counter,Seismic Toss,Rage,Thunderbolt,Thunder,Earthquake,Fissure,Mimic,Double Team,Reflect,Bide,Fire Blast,Skull Bash,Rest,Rock Slide,Substitute,Headbutt,Roar,Defense Curl,Ice Punch,Thunder Punch,Fire Punch,Amnesia,Confusion,Disable,Supersonic,Lovely Kiss,Flamethrower,,,,,,,,,,,,
Clefairy,Growl,Pound,Sing,Double Slap,Minimize,Metronome,Defense Curl,Light Screen,Strength,Flash,Mega Punch,Mega Kick,Toxic,Body Slam,Take Down,Double-Edge,Bubble Beam,Water Gun,Ice Beam,Blizzard,Submission,Counter,Seismic Toss,Rage,Solar Beam,Thunderbolt,Thunder,Psychic,Teleport,Mimic,Double Team,Reflect,Bide,,Fire Blast,Skull Bash,Rest,Thunder Wave,Psywave,Tri Attack,Substitute,Headbutt,Ice Punch,Defense Curl,Thunder Punch,Fire Punch,Amnesia,Splash,Dizzy Punch,Petal Dance,Flamethrower,,,,,,,,,,,,,,,,,
Clefable,Double Slap,Metronome,Minimize,Sing,Defense Curl,Growl,Light Screen,Pound,Strength,Flash,Mega Punch,Mega Kick,Toxic,Body Slam,Take Down,Double-Edge,Bubble Beam,Water Gun,Ice Beam,Blizzard,Hyper Beam,Submission,Counter,Seismic Toss,Rage,Solar Beam,Thunderbolt,Thunder,Psychic,Teleport,Mimic,Double Team,Reflect,Bide,,Fire Blast,Skull Bash,Rest,Thunder Wave,Psywave,Tri Attack,Substitute,Headbutt,Ice Punch,Defense Curl,Thunder Punch,Fire Punch,Amnesia,Splash,Dizzy Punch,Petal Dance,Flamethrower,,,,,,,,,,,,,,,,
Vulpix,Ember,Tail Whip,Quick Attack,Roar,Confuse Ray,Flamethrower,Fire Spin,Toxic,Body Slam,Take Down,Double-Edge,Rage,Dig,Mimic,Double Team,Reflect,Bide,Fire Blast,Swift,Skull Bash,Rest,Substitute,Headbutt,Disable,Hypnosis,,,,,,,,,,,,,,,,,,,,,,,,,,,,,,,,,,,,,,,,,,,
Ninetales,Ember,Quick Attack,Roar,Tail Whip,Confuse Ray,Fire Spin,Flamethrower,Toxic,Body Slam,Take Down,Double-Edge,Hyper Beam,Rage,Dig,Mimic,Double Team,Reflect,Bide,Fire Blast,Swift,Skull Bash,Rest,Substitute,Headbutt,Disable,Hypnosis,,,,,,,,,,,,,,,,,,,,,,,,,,,,,,,,,,,,,,,,,,
Jigglypuff,Sing,Pound,Disable,Defense Curl,Double Slap,Rest,Body Slam,Double-Edge,Strength,Flash,Mega Punch,Mega Kick,Toxic,,Take Down,,Bubble Beam,Water Gun,Ice Beam,Blizzard,Submission,Counter,Seismic Toss,Rage,Solar Beam,Thunderbolt,Thunder,Psychic,Teleport,Mimic,Double Team,Reflect,Bide,Fire Blast,Skull Bash,,Thunder Wave,Psywave,Tri Attack,Substitute,Headbutt,Ice Punch,Thunder Punch,Fire Punch,Dizzy Punch,Petal Dance,Flamethrower,,,,,,,,,,,,,,,,,,,,,
Wigglytuff,Defense Curl,Disable,Double Slap,Sing,Body Slam,Double-Edge,Pound,Rest,Strength,Flash,Mega Punch,Mega Kick,Toxic,,Take Down,,Bubble Beam,Water Gun,Ice Beam,Blizzard,Hyper Beam,Submission,Counter,Seismic Toss,Rage,Solar Beam,Thunderbolt,Thunder,Psychic,Teleport,Mimic,Double Team,Reflect,Bide,Fire Blast,Skull Bash,,Thunder Wave,Psywave,Tri Attack,Substitute,Headbutt,Ice Punch,Thunder Punch,Fire Punch,Dizzy Punch,Petal Dance,Flamethrower,,,,,,,,,,,,,,,,,,,,
Zubat,Leech Life,Supersonic,Bite,Confuse Ray,Wing Attack,Haze,Razor Wind,Whirlwind,Toxic,Take Down,Double-Edge,Rage,Mega Drain,Mimic,Double Team,Bide,Swift,Rest,Substitute,Gust,Quick Attack,Whirlwind,,,,,,,,,,,,,,,,,,,,,,,,,,,,,,,,,,,,,,,,,,,,,,
Golbat,Bite,Leech Life,Screech,Supersonic,,Confuse Ray,Wing Attack,Haze,Razor Wind,Whirlwind,Toxic,Take Down,Double-Edge,Hyper Beam,Rage,Mega Drain,Mimic,Double Team,Bide,Swift,Rest,Substitute,Gust,Quick Attack,Whrilwind,,,,,,,,,,,,,,,,,,,,,,,,,,,,,,,,,,,,,,,,,,,
Oddish,Absorb,Poison Powder,Stun Spore,Sleep Powder,Acid,Petal Dance,Solar Beam,Cut,Swords Dance,Toxic,Take Down,Double-Edge,Rage,Mega Drain,,Mimic,Double Team,Reflect,Bide,Rest,Substitute,Razor Leaf,Sword Dance,Leech Seed,,,,,,,,,,,,,,,,,,,,,,,,,,,,,,,,,,,,,,,,,,,,
Gloom,Absorb,Poison Powder,Stun Spore,,,Sleep Powder,Acid,Petal Dance,Solar Beam,Cut,Swords Dance,Toxic,Take Down,Double-Edge,Rage,Mega Drain,,Mimic,Double Team,Reflect,Bide,Rest,Substitute,Razor Leaf,Sword Dance,Leech Seed,,,,,,,,,,,,,,,,,,,,,,,,,,,,,,,,,,,,,,,,,,
Vileplume,Acid,Petal Dance,Sleep Powder,Stun Spore,Poison Powder,,,Absorb,Solar Beam,Cut,Swords Dance,Toxic,Body Slam,Take Down,Double-Edge,Hyper Beam,Rage,Mega Drain,,Mimic,Double Team,Reflect,Bide,Rest,Substitute,Razor Leaf,Sword Dance ,Leech Seed,,,,,,,,,,,,,,,,,,,,,,,,,,,,,,,,,,,,,,,,
Paras,Scratch,Stun Spore,Leech Life,Spore,Slash,Growth,Cut,Swords Dance,Toxic,Body Slam,Take Down,Double-Edge,Rage,Mega Drain,Solar Beam,Dig,Mimic,Double Team,Reflect,Bide,Skull Bash,Rest,Substitute,Poisonpowder,Counter,Light Screen,Psybeam,,,,,,,,,,,,,,,,,,,,,,,,,,,,,,,,,,,,,,,,,
Parasect,Leech Life,Scratch,Stun Spore,,,Spore,Slash,Growth,Cut,Swords Dance,Toxic,Body Slam,Take Down,Double-Edge,Hyper Beam,Rage,Mega Drain,Solar Beam,Dig,Mimic,Double Team,Reflect,Bide,Skull Bash,Rest,Substitute,Poisonpowder,Counter,Light Screen,Psybeam,,,,,,,,,,,,,,,,,,,,,,,,,,,,,,,,,,,,,,
Venonat,Disable,Tackle,Poison Powder,Leech Life,Stun Spore,Psybeam,Sleep Powder,Psychic,Toxic,Take Down,Double-Edge,Rage,Mega Drain,Solar Beam,,Mimic,Double Team,Reflect,Bide,Rest,Psywave,Substitute,,,Supersonic,Confusion,Screench,,,,,,,,,,,,,,,,,,,,,,,,,,,,,,,,,,,,,,,,,
Venomoth,Disable,Leech Life,Poison Powder,Tackle,,,Stun Spore,Psybeam,Sleep Powder,Psychic,Razor Wind,Whirlwind,Toxic,Take Down,Double-Edge,Hyper Beam,Rage,Mega Drain,Solar Beam,,Teleport,Mimic,Double Team,Reflect,Bide,Swift,Rest,Psywave,Substitute,Confusion,,Supersonic,Gust,Screench,,,,,,,,,,,,,,,,,,,,,,,,,,,,,,,,,,
Diglett,Scratch,Growl,Dig,Sand Attack,Slash,Earthquake,,Body Slam,Take Down,Double-Edge,Rage,Toxic,Fissure,,Mimic,Double Team,Bide,Rest,Rock Slide,Substitute,Screech,,,,,,,,,,,,,,,,,,,,,,,,,,,,,,,,,,,,,,,,,,,,,,,
Dugtrio,Dig,Growl,Scratch,,,Sand Attack,Slash,Earthquake,Toxic,Body Slam,Take Down,Double-Edge,Hyper Beam,Rage,,Fissure,,Mimic,Double Team,Bide,Rest,Rock Slide,Substitute,Tri Attack,Screench,,,,,,,,,,,,,,,,,,,,,,,,,,,,,,,,,,,,,,,,,,,
Meowth,Growl,Scratch,Bite,Pay Day,Screech,Fury Swipes,Slash,Toxic,Body Slam,Take Down,Double-Edge,Bubble Beam,Water Gun,,Rage,Thunderbolt,Thunder,Mimic,Double Team,Bide,Swift,Skull Bash,Rest,Substitute,Headbutt,Roar,Amnesia,Hypnosis,Defense Curl,,,,,,,,,,,,,,,,,,,,,,,,,,,,,,,,,,,,,,,
Persian,Bite,Growl,Scratch,Screech,,Pay Day,,Fury Swipes,Slash,Toxic,Body Slam,Take Down,Double-Edge,Bubble Beam,Water Gun,Hyper Beam,,Rage,Thunderbolt,Thunder,Mimic,Double Team,Bide,Swift,Skull Bash,Rest,Substitute,Headbutt,Roar,Amnesia,Hypnosis,Defense Curl,,,,,,,,,,,,,,,,,,,,,,,,,,,,,,,,,,,,
Psyduck,Scratch,Tail Whip,Disable,Confusion,Fury Swipes,Hydro Pump,Surf,Strength,Mega Punch,Mega Kick,Toxic,Body Slam,Take Down,Double-Edge,Bubble Beam,Water Gun,Ice Beam,Blizzard,Pay Day,Submission,Counter,Seismic Toss,Rage,Dig,Mimic,Double Team,Bide,Swift,Skull Bash,Rest,Substitute,Screench,Headbutt,Ice Punch,Waterfall,Light Screen,Psybeam,Psychic,Tri Attack,Petal Dance,,,,,,,,,,,,,,,,,,,,,,,,,,,,
Golduck,Disable,Scratch,Tail Whip,,,Confusion,Fury Swipes,Hydro Pump,Surf,Strength,Mega Punch,Mega Kick,Toxic,Body Slam,Take Down,Double-Edge,Bubble Beam,Water Gun,Ice Beam,Blizzard,Hyper Beam,Pay Day,Submission,Counter,Seismic Toss,Rage,Dig,Mimic,Double Team,Bide,Swift,Skull Bash,Rest,Substitute,Screench,Headbutt,Ice Punch,Waterfall,Light Screen,Psybeam,Psychic,Tri Attack,Petal Dance,,,,,,,,,,,,,,,,,,,,,,,,,
Mankey,Leer,Scratch,Karate Chop,Fury Swipes,Focus Energy,Seismic Toss,Thrash,Strength,Mega Punch,Mega Kick,Toxic,Body Slam,Take Down,Double-Edge,Pay Day,Submission,Counter,,Rage,Thunderbolt,Thunder,Dig,Mimic,Double Team,Bide,Metronome,Swift,Skull Bash,Rest,Rock Slide,Substitute,Headbutt,Ice Punch,Defense Curl,Thunder Punch,Fire Punch,Meditate,,,,,,,,,,,,,,,,,,,,,,,,,,,,,,,
Primeape,Fury Swipes,Karate Chop,Leer,Scratch,,,Focus Energy,Seismic Toss,Thrash,Strength,Mega Punch,Mega Kick,Toxic,Body Slam,Take Down,Double-Edge,Hyper Beam,Pay Day,Submission,Counter,,Rage,Thunderbolt,Thunder,Dig,Mimic,Double Team,Bide,Metronome,Swift,Skull Bash,Rest,Rock Slide,Substitute,Headbutt,Ice Punch,Defense Curl,Thunder Punch,Fire Punch,Meditate,,,,,,,,,,,,,,,,,,,,,,,,,,,,
Growlithe,Bite,Roar,Ember,Leer,Take Down,Agility,Flamethrower,Toxic,Body Slam,,Double-Edge,Rage,Dragon Rage,Dig,Mimic,Double Team,Reflect,Bide,Fire Blast,Swift,Skull Bash,Rest,Substitute,Headbutt,Fire Spin,Thrash,,,,,,,,,,,,,,,,,,,,,,,,,,,,,,,,,,,,,,,,,,
Arcanine,Ember,Leer,Roar,Take Down,Agility,Bite,Flamethrower,Toxic,Body Slam,,Double-Edge,Hyper Beam,Rage,Dragon Rage,Dig,Teleport,Mimic,Double Team,Reflect,Bide,Fire Blast,Swift,Skull Bash,Rest,Substitute,Headbutt,Fire Spin,Thrash,,,,,,,,,,,,,,,,,,,,,,,,,,,,,,,,,,,,,,,,
Poliwag,Bubble,Hypnosis,Water Gun,Double Slap,Body Slam,Amnesia,Hydro Pump,Surf,Toxic,,Take Down,Double-Edge,Bubble Beam,,Ice Beam,Blizzard,Rage,Psychic,Mimic,Double Team,Bide,Skull Bash,Rest,Psywave,Substitute,Headbutt,Defense Curl,Waterfall,Haze,Mist,Splash,Growth,Lovely Kiss,,,,,,,,,,,,,,,,,,,,,,,,,,,,,,,,,,,
Poliwhirl,Bubble,Hypnosis,Water Gun,,,Double Slap,Body Slam,Amnesia,Hydro Pump,Surf,Strength,Mega Punch,Mega Kick,Toxic,,Take Down,Double-Edge,Bubble Beam,,Ice Beam,Blizzard,Submission,Counter,Seismic Toss,Rage,Earthquake,Fissure,Psychic,Mimic,Double Team,Bide,Metronome,Skull Bash,Rest,Psywave,Substitute,Headbutt,Ice Punch,Defense Curl,Waterfall,Haze,Mist,Splash,Growth,Lovely Kiss,,,,,,,,,,,,,,,,,,,,,,,
Poliwrath,Body Slam,Double Slap,Hypnosis,Water Gun,,,Amnesia,Bubble,Hydro Pump,Surf,Strength,Mega Punch,Mega Kick,Toxic,,Take Down,Double-Edge,Bubble Beam,,Ice Beam,Blizzard,Hyper Beam,Submission,Counter,Seismic Toss,Rage,Earthquake,Fissure,Psychic,Mimic,Double Team,Bide,Metronome,Skull Bash,Rest,Psywave,Substitute,Headbutt,Ice Punch,Defense Curl,Waterfall,Haze,Mist,Splash,Growth,Lovely Kiss,,,,,,,,,,,,,,,,,,,,,,
Abra,Teleport,Flash,Mega Punch,Mega Kick,Toxic,Body Slam,Take Down,Double-Edge,Submission,Counter,Seismic Toss,Rage,Psychic,,Mimic,Double Team,Reflect,Bide,Metronome,Skull Bash,Rest,Thunder Wave,Psywave,Tri Attack,Substitute,Headbutt,Ice Punch,Thunder Punch,Fire Punch,Barrier,Light Screen,,,,,,,,,,,,,,,,,,,,,,,,,,,,,,,,,,,,,
Kadabra,Confusion,Disable,Teleport,,,Psybeam,Recover,Psychic,Reflect,Flash,Mega Punch,Mega Kick,Toxic,Body Slam,Take Down,Double-Edge,Submission,Counter,Seismic Toss,Rage,Dig,,,Mimic,Double Team,,Bide,Metronome,Skull Bash,Rest,Thunder Wave,Psywave,Tri Attack,Substitute,Headbutt,Thunder Punch,Ice Punch,Fire Punch,Barrier,Light Screen,,,,,,,,,,,,,,,,,,,,,,,,,,,,
Alakazam,Confusion,Disable,Teleport,,,Psybeam,Recover,Psychic,Reflect,Flash,Mega Punch,Mega Kick,Toxic,Body Slam,Take Down,Double-Edge,Hyper Beam,Submission,Counter,Seismic Toss,Rage,Dig,,,Mimic,Double Team,,Bide,Metronome,Skull Bash,Rest,Thunder Wave,Psywave,Tri Attack,Substitute,Headbutt,Ice Punch,Thunder Punch,Fire Punch,Barrier,Light Screen,,,,,,,,,,,,,,,,,,,,,,,,,,,
Machop,Karate Chop,Low Kick,Leer,Focus Energy,Seismic Toss,Submission,Strength,Mega Punch,Mega Kick,Toxic,Body Slam,Take Down,Double-Edge,,Counter,,Rage,Earthquake,Fissure,Dig,Mimic,Double Team,Bide,Metronome,Fire Blast,Skull Bash,Rest,Rock Slide,Substitute,Headbutt,Ice Punch,Thunder Punch,Fire Punch,Light Screen,Meditate,Thrash,Fury Swipes,Flamethrower,Rolling Kick,,,,,,,,,,,,,,,,,,,,,,,,,,,,,
Machoke,Karate Chop,Leer,Low Kick,,,Focus Energy,Seismic Toss,Submission,Strength,Mega Punch,Mega Kick,Toxic,Body Slam,Take Down,Double-Edge,,Counter,,Rage,Earthquake,Fissure,Dig,Mimic,Double Team,Bide,Metronome,Fire Blast,Skull Bash,Rest,Rock Slide,Substitute,Headbutt,Ice Punch,Thunder Punch,Fire Punch,Light Screen,Meditate,Thrash,Fury Swipes,Flamethrower,Rolling Kick,,,,,,,,,,,,,,,,,,,,,,,,,,,
Machamp,Karate Chop,Leer,Low Kick,,,Focus Energy,Seismic Toss,Submission,Strength,Mega Punch,Mega Kick,Toxic,Body Slam,Take Down,Double-Edge,Hyper Beam,,Counter,,Rage,Earthquake,Fissure,Dig,Mimic,Double Team,Bide,Metronome,Fire Blast,Skull Bash,Rest,Rock Slide,Substitute,Headbutt,Ice Punch,Thunder Punch,Fire Punch,Light Screen,Meditate,Thrash,Fury Swipes,Flamethrower,Rolling Kick,,,,,,,,,,,,,,,,,,,,,,,,,,
Bellsprout,Growth,Vine Whip,Wrap,Poison Powder,Sleep Powder,Stun Spore,Acid,Razor Leaf,Slam,Cut,Swords Dance,Toxic,Take Down,Double-Edge,Rage,Mega Drain,Solar Beam,Mimic,Double Team,Reflect,Bide,Rest,Substitute,Leech Life,Lovely Kiss,,,,,,,,,,,,,,,,,,,,,,,,,,,,,,,,,,,,,,,,,,,
Weepinbell,Growth,Vine Whip,Wrap,,Poison Powder,Sleep Powder,Stun Spore,Acid,Razor Leaf,Slam,Cut,Swords Dance,Toxic,Take Down,Double-Edge,Rage,Mega Drain,Solar Beam,Mimic,Double Team,Reflect,Bide,Rest,Substitute,Leech Life,Lovely Kiss,,,,,,,,,,,,,,,,,,,,,,,,,,,,,,,,,,,,,,,,,,
Victreebel,Acid,Razor Leaf,Sleep Powder,Stun Spore,Wrap,Poison Powder,,Growth,Slam,Vine Whip,Cut,Swords Dance,Toxic,Body Slam,Take Down,Double-Edge,Hyper Beam,Rage,Mega Drain,Solar Beam,Mimic,Double Team,Reflect,Bide,Rest,Substitute,Leech Life ,Lovely Kiss,,,,,,,,,,,,,,,,,,,,,,,,,,,,,,,,,,,,,,,,
Tentacool,Acid,Supersonic,Wrap,Poison Sting,Water Gun,Constrict,Barrier,Screech,Hydro Pump,Cut,Surf,Swords Dance,Toxic,Take Down,Double-Edge,Bubble Beam,,Ice Beam,Blizzard,Rage,Mega Drain,Mimic,Double Team,Reflect,Bide,Skull Bash,Rest,Substitute,Waterfall,Aurora Beam,Haze,Confuse Ray,,,,,,,,,,,,,,,,,,,,,,,,,,,,,,,,,,,,
Tentacruel,Acid,Supersonic,Wrap,,,Poison Sting,Water Gun,Constrict,Barrier,Screech,Hydro Pump,Cut,Surf,Swords Dance,Toxic,Take Down,Double-Edge,Bubble Beam,,Ice Beam,Blizzard,Hyper Beam,Rage,Mega Drain,Mimic,Double Team,Reflect,Bide,Skull Bash,Rest,Substitute,Waterfall,Aurora Beam,Haze,Confuse Ray,,,,,,,,,,,,,,,,,,,,,,,,,,,,,,,,,
Geodude,Tackle,Defense Curl,Rock Throw,Self-Destruct,Harden,Earthquake,Explosion,Strength,Mega Punch,Toxic,Body Slam,Take Down,Double-Edge,Submission,Counter,Seismic Toss,Rage,,Fissure,Dig,Mimic,Double Team,Bide,Metronome,,Fire Blast,Rest,,Rock Slide,Substitute,Headbutt,Roar,Fire Punch,Flamethrower,,,,,,,,,,,,,,,,,,,,,,,,,,,,,,,,,,
Graveler,Defense Curl,Tackle,,Rock Throw,Self-Destruct,Harden,Earthquake,Explosion,Strength,Mega Punch,Toxic,Body Slam,Take Down,Double-Edge,Submission,Counter,Seismic Toss,Rage,,Fissure,Dig,Mimic,Double Team,Bide,Metronome,,Fire Blast,Rest,,Rock Slide,Substitute,Headbutt,Roar,Fire Punch,Flamethrower,,,,,,,,,,,,,,,,,,,,,,,,,,,,,,,,,
Golem,Defense Curl,Tackle,,Rock Throw,Self-Destruct,Harden,Earthquake,Explosion,Strength,Mega Punch,Mega Kick,Toxic,Body Slam,Take Down,Double-Edge,Hyper Beam,Submission,Counter,Seismic Toss,Rage,,Fissure,Dig,Mimic,Double Team,Bide,Metronome,,Fire Blast,Rest,,Rock Slide,Substitute,Headbutt,Roar,Fire Punch,Flamethrower,,,,,,,,,,,,,,,,,,,,,,,,,,,,,,,
Ponyta,Ember,Tail Whip,Stomp,Growl,Fire Spin,Take Down,Agility,Toxic,Horn Drill,Body Slam,,Double-Edge,Rage,Mimic,Double Team,Reflect,Bide,Fire Blast,Swift,Skull Bash,Rest,Substitute,Headbutt,Double Kick,Hypnosis,Quick Attack,Thrash,Low Kick,Flamethrower,,,,,,,,,,,,,,,,,,,,,,,,,,,,,,,,,,,,,,,
Rapidash,Ember,Growl,Stomp,Tail Whip,,,,Fire Spin,Take Down,Agility,Toxic,Horn Drill,Body Slam,,Double-Edge,Hyper Beam,Rage,Mimic,Double Team,Reflect,Bide,Fire Blast,Swift,Skull Bash,Rest,Substitute,Fury Attack,Headbutt,Double Kick,Hypnosis,Quick Attack,Thrash,Low Kick,Flamethrower,,,,,,,,,,,,,,,,,,,,,,,,,,,,,,,,,,
Slowpoke,Confusion,Disable,Headbutt,Growl,Water Gun,Amnesia,Psychic,Surf,Strength,Flash,Toxic,Body Slam,Take Down,Double-Edge,Bubble Beam,,Ice Beam,Blizzard,Pay Day,Rage,Earthquake,Fissure,Dig,,Teleport,Mimic,Double Team,Reflect,Bide,Fire Blast,Swift,Skull Bash,Rest,Thunder Wave,Psywave,Tri Attack,Substitute,Stomp,Flamethrower,,,,,,,,,,,,,,,,,,,,,,,,,,,,,
Slowbro,Confusion,Disable,Headbutt,,,Growl,Water Gun,Withdraw,Amnesia,Psychic,Surf,Strength,Flash,Mega Punch,Mega Kick,Toxic,Body Slam,Take Down,Double-Edge,Bubble Beam,,Ice Beam,Blizzard,Hyper Beam,Pay Day,Submission,Counter,Seismic Toss,Rage,Earthquake,Fissure,Dig,,Teleport,Mimic,Double Team,Reflect,Bide,Fire Blast,Swift,Skull Bash,Rest,Thunder Wave,Psywave,Tri Attack,Substitute,Ice Punch,Stomp,Flamethrower,,,,,,,,,,,,,,,,,,,
Magnemite,Tackle,Sonic Boom,Thunder Shock,Supersonic,Thunder Wave,Swift,Screech,Flash,Toxic,Take Down,Double-Edge,Rage,Thunderbolt,Thunder,Teleport,Mimic,Double Team,Reflect,Bide,,Rest,,Substitute,Agility,,,,,,,,,,,,,,,,,,,,,,,,,,,,,,,,,,,,,,,,,,,,
Magneton,Sonic Boom,Tackle,Thunder Shock,,,Supersonic,Thunder Wave,Swift,Screech,Flash,Toxic,Take Down,Double-Edge,Hyper Beam,Rage,Thunderbolt,Thunder,Teleport,Mimic,Double Team,Reflect,Bide,,Rest,,Substitute,Tri Attack,Agility,,,,,,,,,,,,,,,,,,,,,,,,,,,,,,,,,,,,,,,,
Farfetchd,Peck,Sand Attack,Leer,Fury Attack,Swords Dance,Agility,Slash,Cut,Fly,Razor Wind,,Whirlwind,Toxic,Body Slam,Take Down,Double-Edge,Rage,Mimic,Double Team,Reflect,Bide,Swift,Skull Bash,Rest,Substitute,Headbutt,Gust,Mirror Move,Quick Attack,,,,,,,,,,,,,,,,,,,,,,,,,,,,,,,,,,,,,,,
Doduo,Peck,Growl,Fury Attack,Drill Peck,Rage,Tri Attack,Agility,Fly,Whirlwind,Toxic,Body Slam,Take Down,Double-Edge,,Mimic,Double Team,Reflect,Bide,Skull Bash,Sky Attack,Rest,,Substitute,Haze,Quick Attack,Supersonic,Low Kick,,,,,,,,,,,,,,,,,,,,,,,,,,,,,,,,,,,,,,,,,
Dodrio,Fury Attack,Growl,Peck,,,Drill Peck,Rage,Tri Attack,Agility,Fly,Whirlwind,Toxic,Body Slam,Take Down,Double-Edge,Hyper Beam,,Mimic,Double Team,Reflect,Bide,Skull Bash,Sky Attack,Rest,,Substitute,Haze,Quick Attack,Supersonic,Low Kick,,,,,,,,,,,,,,,,,,,,,,,,,,,,,,,,,,,,,,
Seel,Headbutt,Growl,Aurora Beam,Rest,Take Down,Ice Beam,Surf,Strength,Toxic,Horn Drill,Body Slam,,Double-Edge,Bubble Beam,Water Gun,,Blizzard,Pay Day,Rage,Mimic,Double Team,Bide,Skull Bash,,Substitute,Waterfall,Disable,Lick,Peck,Slam,,,,,,,,,,,,,,,,,,,,,,,,,,,,,,,,,,,,,,
Dewgong,Aurora Beam,Growl,Headbutt,,,Rest,Take Down,Ice Beam,Surf,Strength,Toxic,Horn Drill,Body Slam,,Double-Edge,Bubble Beam,Water Gun,,Blizzard,Hyper Beam,Pay Day,Rage,Mimic,Double Team,Bide,Skull Bash,,Substitute,Waterfall,Disable,Lick,Peck,Slam,,,,,,,,,,,,,,,,,,,,,,,,,,,,,,,,,,,
Grimer,Disable,Pound,Poison Gas,Minimize,Sludge,Harden,Screech,Acid Armor,Toxic,Body Slam,Rage,Mega Drain,Thunderbolt,Thunder,Mimic,Double Team,Bide,Self-Destruct,Fire Blast,Rest,Explosion,Substitute,Ice Punch,Thunder Punch,Fire Punch,Haze,Lick,Flamethrower,,,,,,,,,,,,,,,,,,,,,,,,,,,,,,,,,,,,,,,,
Muk,Disable,Poison Gas,Pound,,Minimize,Sludge,Harden,Screech,Acid Armor,Toxic,Body Slam,Hyper Beam,Rage,Mega Drain,Thunderbolt,Thunder,Mimic,Double Team,Bide,Self-Destruct,Fire Blast,Rest,Explosion,Substitute,Ice Punch,Thunder Punch,Fire Punch,Haze,Lick,Flamethrower,,,,,,,,,,,,,,,,,,,,,,,,,,,,,,,,,,,,,,
Shellder,Tackle,Withdraw,Supersonic,Clamp,Aurora Beam,Leer,Ice Beam,Surf,Toxic,Take Down,Double-Edge,Bubble Beam,Water Gun,,Blizzard,Rage,Teleport,Mimic,Double Team,Reflect,Bide,Self-Destruct,Swift,Rest,Explosion,Tri Attack,Substitute,Barrier,Screench,,,,,,,,,,,,,,,,,,,,,,,,,,,,,,,,,,,,,,,
Cloyster,Aurora Beam,Clamp,Supersonic,Withdraw,Spike Cannon,Ice Beam,Leer,Tackle,Surf,Toxic,Take Down,Double-Edge,Bubble Beam,Water Gun,,Blizzard,Hyper Beam,Rage,Teleport,Mimic,Double Team,Reflect,Bide,Self-Destruct,Swift,Rest,Explosion,Tri Attack,Substitute,Barrier,Screench,,,,,,,,,,,,,,,,,,,,,,,,,,,,,,,,,,,,,
Gastly,Confuse Ray,Lick,Night Shade,Hypnosis,Dream Eater,Toxic,Rage,Mega Drain,Thunderbolt,Thunder,Psychic,Mimic,Double Team,Bide,Self-Destruct,,Rest,Psywave,Explosion,Substitute,Haze,,,,,,,,,,,,,,,,,,,,,,,,,,,,,,,,,,,,,,,,,,,,,,,
Haunter,Confuse Ray,Lick,Night Shade,Hypnosis,Dream Eater,Toxic,Rage,Mega Drain,Thunderbolt,Thunder,Psychic,Mimic,Double Team,Bide,Self-Destruct,,Rest,Psywave,Explosion,Substitute,Haze,,,,,,,,,,,,,,,,,,,,,,,,,,,,,,,,,,,,,,,,,,,,,,,
Gengar,Confuse Ray,Lick,Night Shade,Hypnosis,Dream Eater,Strength,Mega Punch,Mega Kick,Toxic,Body Slam,Take Down,Double-Edge,Hyper Beam,Submission,Counter,Seismic Toss,Rage,Mega Drain,Thunderbolt,Thunder,Psychic,Mimic,Double Team,Bide,Metronome,Self-Destruct,Skull Bash,,Rest,Psywave,Explosion,Substitute,Headbutt,Ice Punch,Thunder Punch,Fire Punch,Haze,,,,,,,,,,,,,,,,,,,,,,,,,,,,,,,
Onix,Screech,Tackle,Bind,Rock Throw,Rage,Slam,Harden,Strength,Toxic,Body Slam,Take Down,Double-Edge,,Earthquake,Fissure,Dig,Mimic,Double Team,Bide,Self-Destruct,Skull Bash,Rest,Explosion,Rock Slide,Substitute,Headbutt,Sharpen,,,,,,,,,,,,,,,,,,,,,,,,,,,,,,,,,,,,,,,,,
Drowzee,Hypnosis,Pound,Disable,Confusion,Headbutt,Poison Gas,Psychic,Meditate,Flash,Mega Punch,Mega Kick,Toxic,Body Slam,Take Down,Double-Edge,Submission,Counter,Seismic Toss,Rage,,Teleport,Mimic,Double Team,Reflect,Bide,Metronome,Skull Bash,Dream Eater,Rest,Thunder Wave,Psywave,Tri Attack,Substitute,Ice Punch,Thunder Punch,Fire Punch,Barrier,Light Screen,Amnesia,,,,,,,,,,,,,,,,,,,,,,,,,,,,,
Hypno,Confusion,Disable,Hypnosis,Pound,,,Headbutt,Poison Gas,Psychic,Meditate,Flash,Mega Punch,Mega Kick,Toxic,Body Slam,Take Down,Double-Edge,Hyper Beam,Submission,Counter,Seismic Toss,Rage,,Teleport,Mimic,Double Team,Reflect,Bide,Metronome,Skull Bash,Dream Eater,Rest,Thunder Wave,Psywave,Tri Attack,Substitute,Ice Punch,Thunder Punch,Fire Punch,Barrier,Light Screen,Amnesia,,,,,,,,,,,,,,,,,,,,,,,,,,
Krabby,Bubble,Leer,Vice Grip,Guillotine,Stomp,Crabhammer,Harden,Cut,Surf,Strength,Swords Dance,Toxic,Body Slam,Take Down,Double-Edge,Bubble Beam,Water Gun,Ice Beam,Blizzard,Rage,Mimic,Double Team,Bide,Rest,Substitute,Amnesia,Dig,Haze,Slam,,,,,,,,,,,,,,,,,,,,,,,,,,,,,,,,,,,,,,,
Kingler,Bubble,Leer,Vice Grip,,Guillotine,Stomp,Crabhammer,Harden,Cut,Surf,Strength,Swords Dance,Toxic,Body Slam,Take Down,Double-Edge,Bubble Beam,Water Gun,Ice Beam,Blizzard,Hyper Beam,Rage,Mimic,Double Team,Bide,Rest,Substitute,Amnesia,Dig,Haze,Slam,,,,,,,,,,,,,,,,,,,,,,,,,,,,,,,,,,,,,
Voltorb,Screech,Tackle,Sonic Boom,Self-Destruct,Light Screen,Swift,Explosion,Flash,Toxic,Take Down,Rage,Thunderbolt,Thunder,Teleport,Mimic,Double Team,Reflect,Bide,,,Rest,Thunder Wave,,Substitute,Headbutt,Agility,,,,,,,,,,,,,,,,,,,,,,,,,,,,,,,,,,,,,,,,,,
Electrode,Screech,Sonic Boom,Tackle,,Self-Destruct,Light Screen,Swift,Explosion,Flash,Toxic,Take Down,Hyper Beam,Rage,Thunderbolt,Thunder,Teleport,Mimic,Double Team,Reflect,Bide,,,Skull Bash,Rest,Thunder Wave,,Substitute,Headbutt,Agility,,,,,,,,,,,,,,,,,,,,,,,,,,,,,,,,,,,,,,,
Exeggcute,Barrage,Hypnosis,Reflect,Leech Seed,Stun Spore,Poison Powder,Solar Beam,Sleep Powder,Toxic,Take Down,Double-Edge,Rage,Psychic,Teleport,Mimic,Double Team,,Bide,Self-Destruct,Egg Bomb,Rest,Psywave,Explosion,Substitute,Confusion,Headbutt,,,,,,,,,,,,,,,,,,,,,,,,,,,,,,,,,,,,,,,,,,
Exeggutor,Barrage,Hypnosis,Stomp,Leech Seed,Poison Powder,Reflect,Sleep Powder,Solar Beam,Stun Spore,Strength,Toxic,Take Down,Double-Edge,Hyper Beam,Rage,Mega Drain,,Psychic,Teleport,Mimic,Double Team,,Bide,Self-Destruct,Egg Bomb,Rest,Psywave,Explosion,Substitute,Confusion,Headbutt,,,,,,,,,,,,,,,,,,,,,,,,,,,,,,,,,,,,,
Cubone,Bone Club,Growl,Leer,Focus Energy,Thrash,Bonemerang,Rage,Strength,Mega Punch,Mega Kick,Toxic,Body Slam,Take Down,Double-Edge,Bubble Beam,Water Gun,Ice Beam,Blizzard,Submission,Counter,Seismic Toss,,Earthquake,Fissure,Dig,Mimic,Double Team,Bide,Fire Blast,Skull Bash,Rest,Substitute,Thunder Punch,Fire Punch,Screech,Skull Bash,Sword Dance,Fury Attack,Rock Slide,Flamethrower,,,,,,,,,,,,,,,,,,,,,,,,,,,,
Marowak,Bone Club,Focus Energy,Growl,Leer,,,Thrash,Bonemerang,Rage,Strength,Mega Punch,Mega Kick,Toxic,Body Slam,Take Down,Double-Edge,Bubble Beam,Water Gun,Ice Beam,Blizzard,Hyper Beam,Submission,Counter,Seismic Toss,,Earthquake,Fissure,Dig,Mimic,Double Team,Bide,Fire Blast,Skull Bash,Rest,Substitute,,Tail Whip,,,Headbutt,Thunder Punch,Fire Punch,Screech,Skull Bash,Sword Dance,Fury Attack,Rock Slide,Flamethrower,,,,,,,,,,,,,,,,,,,,
Hitmonlee,Double Kick,Meditate,Rolling Kick,Jump Kick,Focus Energy,High Jump Kick,Mega Kick,Strength,Mega Punch,,Toxic,Body Slam,Take Down,Double-Edge,Submission,Counter,Seismic Toss,Rage,Mimic,Double Team,Bide,Metronome,Swift,Skull Bash,Rest,Substitute,Headbutt,Tackle,Dizzy Punch,Rage,,,,,,,,,,,,,,,,,,,,,,,,,,,,,,,,,,,,,,
Hitmonchan,Agility,Comet Punch,Fire Punch,Ice Punch,Thunder Punch,Mega Punch,Counter,Strength,,Mega Kick,Toxic,Body Slam,Take Down,Double-Edge,Submission,,Seismic Toss,Rage,Mimic,Double Team,Bide,Metronome,Swift,Skull Bash,Rest,Substitute,Headbutt,Tackle,Hi Jump Kick,Dizzy Punch,Rage,,,,,,,,,,,,,,,,,,,,,,,,,,,,,,,,,,,,,
Lickitung,Supersonic,Wrap,Stomp,Disable,Defense Curl,Slam,Screech,Cut,Surf,Strength,Mega Punch,Swords Dance,Mega Kick,Toxic,Body Slam,Take Down,Double-Edge,Bubble Beam,Water Gun,Ice Beam,Blizzard,Hyper Beam,Submission,Counter,Seismic Toss,Rage,Thunderbolt,Thunder,Earthquake,Fissure,Mimic,Double Team,Bide,Fire Blast,Skull Bash,Rest,Substitute,Lick,Headbutt,Ice Punch,Thunder Punch,Fire Punch,Double Slap,Flamethrower,,,,,,,,,,,,,,,,,,,,,,,,
Koffing,Smog,Tackle,Sludge,Smokescreen,Self-Destruct,Haze,Explosion,Toxic,Rage,Thunderbolt,Thunder,Mimic,Double Team,Bide,,Fire Blast,Rest,,Substitute,Poison Gas,Psybeam,Psywave,Screech,Flamethrower,,,,,,,,,,,,,,,,,,,,,,,,,,,,,,,,,,,,,,,,,,,,
Weezing,Sludge,Smog,Tackle,,Smokescreen,Self-Destruct,Haze,Explosion,Toxic,Hyper Beam,Rage,Thunderbolt,Thunder,Mimic,Double Team,Bide,,Fire Blast,Rest,,Substitute,Poison Gas,Psybeam,Psywave,Screech,Flamethrower,,,,,,,,,,,,,,,,,,,,,,,,,,,,,,,,,,,,,,,,,,
Rhyhorn,Horn Attack,Stomp,Tail Whip,Fury Attack,Horn Drill,Leer,Take Down,Strength,Toxic,,Body Slam,,Double-Edge,Rage,Thunderbolt,Thunder,Earthquake,Fissure,Dig,Mimic,Double Team,Bide,Fire Blast,Skull Bash,Rest,Rock Slide,Substitute,Headbutt,Roar,Thrash,Flamethrower,Ice Beam,Blizzard,Counter,,,,,,,,,,,,,,,,,,,,,,,,,,,,,,,,,,
Rhydon,Fury Attack,Horn Attack,Stomp,Tail Whip,,,,Horn Drill,Leer,Take Down,Surf,Strength,Mega Punch,Mega Kick,Toxic,,Body Slam,,Double-Edge,Bubble Beam,Water Gun,Ice Beam,Blizzard,Hyper Beam,Pay Day,Submission,Counter,Seismic Toss,Rage,Thunderbolt,Thunder,Earthquake,Fissure,Dig,Mimic,Double Team,Bide,Fire Blast,Skull Bash,Rest,Rock Slide,Substitute,Headbutt,Roar,Thunder Punch,Fire Punch,Thrash,Flamethrower,,,,,,,,,,,,,,,,,,,,
Chansey,Double Slap,Pound,Sing,Growl,Minimize,Defense Curl,Light Screen,Double-Edge,Strength,Flash,Mega Punch,Mega Kick,Toxic,Body Slam,Take Down,,Bubble Beam,Water Gun,Ice Beam,Blizzard,Hyper Beam,Submission,Counter,Seismic Toss,Rage,Solar Beam,Thunderbolt,Thunder,Psychic,Teleport,Mimic,Double Team,Reflect,Bide,Metronome,Egg Bomb,Fire Blast,Skull Bash,Soft-Boiled,Rest,Thunder Wave,Psywave,Tri Attack,Substitute,Headbutt,Flamethrower,,,,,,,,,,,,,,,,,,,,,,
Tangela,Bind,Constrict,Absorb,Poison Powder,Stun Spore,Sleep Powder,Slam,Growth,Cut,Swords Dance,Toxic,Body Slam,Take Down,Double-Edge,Hyper Beam,Rage,Mega Drain,Solar Beam,Mimic,Double Team,Bide,Skull Bash,Rest,Substitute,Headbutt,Amnesia,Confusion,Reflect,,,,,,,,,,,,,,,,,,,,,,,,,,,,,,,,,,,,,,,,
Kangaskhan,Comet Punch,Rage,Bite,Tail Whip,Mega Punch,Leer,Dizzy Punch,Surf,Strength,,Mega Kick,Toxic,Body Slam,Take Down,Double-Edge,Bubble Beam,Water Gun,Ice Beam,Blizzard,Hyper Beam,Submission,Counter,Seismic Toss,,Thunderbolt,Thunder,Earthquake,Fissure,Mimic,Double Team,Bide,Fire Blast,Skull Bash,Rest,Rock Slide,Substitute,Headbutt,Roar,Ice Punch,Thunder Punch,Fire Punch,Disable,Focus Energy,Stomp,Flamethrower,,,,,,,,,,,,,,,,,,,,,,,
Horsea,Bubble,Smokescreen,Leer,Water Gun,Agility,Hydro Pump,Surf,Toxic,Take Down,Double-Edge,Bubble Beam,,Ice Beam,Blizzard,Rage,Mimic,Double Team,Bide,Swift,Skull Bash,Rest,Substitute,Waterfall,Headbutt,Aurora Beam,Disable,Dragon Rage,Splash,Haze,,,,,,,,,,,,,,,,,,,,,,,,,,,,,,,,,,,,,,,
Seadra,Bubble,Smokescreen,,Leer,Water Gun,Agility,Hydro Pump,Surf,Toxic,Take Down,Double-Edge,Bubble Beam,,Ice Beam,Blizzard,Hyper Beam,Rage,Mimic,Double Team,Bide,Swift,Skull Bash,Rest,Substitute,Waterfall,Headbutt,Aurora Beam,Disable,Dragon Rage,Splash,Haze,,,,,,,,,,,,,,,,,,,,,,,,,,,,,,,,,,,,,
Goldeen,Peck,Tail Whip,Supersonic,Horn Attack,Fury Attack,Waterfall,Horn Drill,Agility,Surf,Toxic,,Take Down,Double-Edge,Bubble Beam,Water Gun,Ice Beam,Blizzard,Rage,Mimic,Double Team,Bide,Swift,Skull Bash,Rest,Substitute,Haze,Hydro Pump,Psybeam,Sword Dance,,,,,,,,,,,,,,,,,,,,,,,,,,,,,,,,,,,,,,,
Seaking,Peck,Supersonic,Tail Whip,,Horn Attack,Fury Attack,Waterfall,Horn Drill,Agility,Surf,Toxic,,Take Down,Double-Edge,Bubble Beam,Water Gun,Ice Beam,Blizzard,Hyper Beam,Rage,Mimic,Double Team,Bide,Swift,Skull Bash,Rest,Substitute,Haze,Hydro Pump,Psybeam,Sword Dance,,,,,,,,,,,,,,,,,,,,,,,,,,,,,,,,,,,,,
Staryu,Tackle,Water Gun,Harden,Recover,Swift,Minimize,Light Screen,Hydro Pump,Surf,Flash,Toxic,Take Down,Double-Edge,Bubble Beam,,Ice Beam,Blizzard,Rage,Thunderbolt,Thunder,Psychic,Teleport,Mimic,Double Team,Reflect,Bide,,Skull Bash,Rest,Thunder Wave,Psywave,Tri Attack,Substitute,Confuse Ray,,,,,,,,,,,,,,,,,,,,,,,,,,,,,,,,,,
Starmie,Harden,Tackle,Water Gun,Hydro Pump,Light Screen,Minimize,Recover,Swift,Surf,Flash,Toxic,Take Down,Double-Edge,Bubble Beam,,Ice Beam,Blizzard,Hyper Beam,Rage,Thunderbolt,Thunder,Psychic,Teleport,Mimic,Double Team,Reflect,Bide,,Skull Bash,Rest,Thunder Wave,Psywave,Tri Attack,Substitute,Confuse Ray,,,,,,,,,,,,,,,,,,,,,,,,,,,,,,,,,
Mrmime,Barrier,Confusion,,Light Screen,Double Slap,Meditate,Substitute,Flash,Mega Punch,Mega Kick,Toxic,Body Slam,Take Down,Double-Edge,Hyper Beam,Submission,Counter,Seismic Toss,Rage,Solar Beam,Thunderbolt,Thunder,Psychic,Teleport,Mimic,Double Team,Reflect,Bide,Metronome,Skull Bash,Rest,Thunder Wave,Psywave,Headbutt,Thunder Punch,Ice Punch,Fire Punch,Hypnosis,,,,,,,,,,,,,,,,,,,,,,,,,,,,,,
Scyther,Quick Attack,Leer,Focus Energy,Double Team,Slash,Swords Dance,Agility,Cut,,Toxic,Take Down,Double-Edge,Hyper Beam,Rage,Mimic,,Bide,Swift,Skull Bash,Rest,Substitute,Headbutt,Counter,Light Screen,Razor Wind,Sonic Boom,,,,,,,,,,,,,,,,,,,,,,,,,,,,,,,,,,,,,,,,,,
Jynx,Lovely Kiss,Pound,Lick,Double Slap,Ice Punch,Body Slam,Thrash,Blizzard,Mega Punch,Mega Kick,Toxic,,Take Down,Double-Edge,Bubble Beam,Water Gun,Ice Beam,,Hyper Beam,Submission,Counter,Seismic Toss,Rage,Psychic,Teleport,Mimic,Double Team,Reflect,Bide,Metronome,Skull Bash,Rest,Psywave,Substitute,Headbutt,Meditate,Confusion,Sing,Dizzy Punch,Petal Dance,,,,,,,,,,,,,,,,,,,,,,,,,,,,
Electabuzz,Leer,Quick Attack,Thunder Shock,Screech,Thunder Punch,Light Screen,Thunder,Strength,Flash,Mega Punch,Mega Kick,Toxic,Body Slam,Take Down,Double-Edge,Hyper Beam,Submission,Counter,Seismic Toss,Rage,Thunderbolt,,Psychic,Teleport,Mimic,Double Team,Reflect,Bide,Metronome,Swift,Skull Bash,Rest,Thunder Wave,Psywave,Substitute,Headbutt,Ice Punch,Fire Punch,Barrier,Karate Chop,Rolling Kick,Dizzy Punch,,,,,,,,,,,,,,,,,,,,,,,,,,
Magmar,Ember,Leer,Confuse Ray,Fire Punch,Smokescreen,Smog,Flamethrower,Strength,Mega Punch,Mega Kick,Toxic,Body Slam,Take Down,Double-Edge,Hyper Beam,Submission,Counter,Seismic Toss,Rage,Psychic,Teleport,Mimic,Double Team,Bide,Metronome,Fire Blast,Skull Bash,Rest,Psywave,Substitute,Headbutt,Thunder Punch,Barrier,Karate Chop,Screech,Dizzy Punch,,,,,,,,,,,,,,,,,,,,,,,,,,,,,,,,
Pinsir,Vice Grip,Seismic Toss,Guillotine,Focus Energy,Harden,Slash,Swords Dance,Cut,Strength,Bind,Toxic,Body Slam,Take Down,Double-Edge,Hyper Beam,Submission,,Rage,Mimic,Double Team,Bide,Rest,Substitute,Headbutt,Fury Attack,Rock Throw,,,,,,,,,,,,,,,,,,,,,,,,,,,,,,,,,,,,,,,,,,
Tauros,Tackle,Stomp,Tail Whip,Leer,Rage,Take Down,Strength,Toxic,Horn Drill,Body Slam,,Double-Edge,Ice Beam,Blizzard,Hyper Beam,,Thunderbolt,Thunder,Earthquake,Fissure,Mimic,Double Team,Bide,Fire Blast,Skull Bash,Rest,Substitute,Horn Attack,Thrash,Headbutt,Surf,Quick Attack,Flamethrower,,,,,,,,,,,,,,,,,,,,,,,,,,,,,,,,,,,
Magikarp,Splash,Tackle,Dragon Rage,Bubble,,,,,,,,,,,,,,,,,,,,,,,,,,,,,,,,,,,,,,,,,,,,,,,,,,,,,,,,,,,,,,,,
Gyarados,Bite,Dragon Rage,Hydro Pump,Leer,,,,,Hyper Beam,Splash,Tackle,Surf,Strength,Toxic,Body Slam,Take Down,Double-Edge,Bubble Beam,Water Gun,Ice Beam,Blizzard,,Rage,,Thunderbolt,Thunder,Mimic,Double Team,Reflect,Bide,Fire Blast,Skull Bash,Rest,Substitute,Thrash,Headbutt,Roar,Waterfall,Bubble,Flamethrower,,,,,,,,,,,,,,,,,,,,,,,,,,,,
Lapras,Growl,Water Gun,Sing,Mist,Body Slam,Confuse Ray,Ice Beam,Hydro Pump,Surf,Strength,Toxic,Horn Drill,,Take Down,Double-Edge,Bubble Beam,,,Blizzard,Hyper Beam,Rage,Solar Beam,Dragon Rage,Thunderbolt,Thunder,Psychic,Mimic,Double Team,Reflect,Bide,Skull Bash,Rest,Psywave,Substitute,Headbutt,Aurora Beam,Bite,,,,,,,,,,,,,,,,,,,,,,,,,,,,,,,
Ditto,Transform,,,,,,,,,,,,,,,,,,,,,,,,,,,,,,,,,,,,,,,,,,,,,,,,,,,,,,,,,,,,,,,,,,,
Eevee,Sand Attack,Tackle,Quick Attack,Tail Whip,Bite,Take Down,Toxic,Body Slam,,Double-Edge,Rage,Mimic,Double Team,Reflect,Bide,Swift,Skull Bash,Rest,Substitute,Headbutt,Roar,Growth,,,,,,,,,,,,,,,,,,,,,,,,,,,,,,,,,,,,,,,,,,,,,,
Vaporeon,Quick Attack,Sand Attack,Tackle,Water Gun,,,Tail Whip,Bite,Acid Armor,Haze,Mist,Hydro Pump,Take Down,Surf,Toxic,Body Slam,,Double-Edge,Bubble Beam,,Ice Beam,Blizzard,Hyper Beam,Rage,Mimic,Double Team,Reflect,Bide,Swift,Skull Bash,Rest,Substitute,Headbutt,Waterfall,Roar,Growth,,,,,,,,,,,,,,,,,,,,,,,,,,,,,,,,
Jolteon,Quick Attack,Sand Attack,Tackle,Thunder Shock,,,Tail Whip,Thunder Wave,Double Kick,Agility,Pin Missile,Thunder,Bite,Take Down,Flash,Toxic,Body Slam,,Double-Edge,Hyper Beam,Rage,Thunderbolt,,Mimic,Double Team,Reflect,Bide,Swift,Skull Bash,Rest,,Substitute,Headbutt,Roar,Growth,,,,,,,,,,,,,,,,,,,,,,,,,,,,,,,,,
Flareon,Ember,Quick Attack,Sand Attack,Tackle,,,Tail Whip,Bite,Leer,Fire Spin,Rage,Flamethrower,Take Down,Toxic,Body Slam,,Double-Edge,Hyper Beam,,Mimic,Double Team,Reflect,Bide,Fire Blast,Swift,Skull Bash,Rest,Substitute,Headbutt,Roar,Growth,,,,,,,,,,,,,,,,,,,,,,,,,,,,,,,,,,,,,
Porygon,Conversion,Sharpen,Tackle,Psybeam,Recover,Agility,Tri Attack,Flash,Toxic,Take Down,Double-Edge,Ice Beam,Blizzard,Hyper Beam,Rage,Thunderbolt,Thunder,Psychic,Teleport,Mimic,Double Team,Reflect,Bide,Swift,Skull Bash,Rest,Thunder Wave,Psywave,,Substitute,Barrier,,,,,,,,,,,,,,,,,,,,,,,,,,,,,,,,,,,,,
Omanyte,Water Gun,Withdraw,Horn Attack,Leer,Spike Cannon,Hydro Pump,Surf,Toxic,Body Slam,Take Down,Double-Edge,Bubble Beam,,Ice Beam,Blizzard,Rage,Mimic,Double Team,Reflect,Bide,Rest,Substitute,Constrict,Bite,Headbutt,Aurora Beam,Haze,Slam,Supersonic,Rock Throw,,,,,,,,,,,,,,,,,,,,,,,,,,,,,,,,,,,,,,
Omastar,Horn Attack,Water Gun,Withdraw,,Leer,Spike Cannon,Hydro Pump,Surf,Toxic,Horn Drill,Body Slam,Take Down,Double-Edge,Bubble Beam,,Ice Beam,Blizzard,Hyper Beam,Submission,Seismic Toss,Rage,Mimic,Double Team,Reflect,Bide,Skull Bash,Rest,Substitute,Constrict,Bite,Headbutt,Aurora Beam,Haze,Slam,Supersonic,Rock Throw,,,,,,,,,,,,,,,,,,,,,,,,,,,,,,,,
Kabuto,Harden,Scratch,Absorb,Slash,Leer,Hydro Pump,Surf,Toxic,Body Slam,Take Down,Double-Edge,Bubble Beam,Water Gun,Ice Beam,Blizzard,Rage,Mimic,Double Team,Reflect,Bide,Rest,Substitute,Sand Attack,Mega Drain,Headbutt,Aurora Beam,Dig,Rock Throw,,,,,,,,,,,,,,,,,,,,,,,,,,,,,,,,,,,,,,,,
Kabutops,Absorb,Harden,Scratch,,Slash,Leer,Hydro Pump,Surf,Razor Wind,Swords Dance,Mega Kick,Toxic,Body Slam,Take Down,Double-Edge,Bubble Beam,Water Gun,Ice Beam,Blizzard,Hyper Beam,Submission,Seismic Toss,Rage,Mimic,Double Team,Reflect,Bide,Skull Bash,Rest,Substitute,Sand Attack,Mega drain,Headbutt,Aurora Beam,Dig,Rock Throw,,,,,,,,,,,,,,,,,,,,,,,,,,,,,,,,
Aerodactyl,Agility,Wing Attack,Supersonic,Bite,Take Down,Hyper Beam,Fly,Razor Wind,Whirlwind,Toxic,,Double-Edge,,Rage,Dragon Rage,Mimic,Double Team,Reflect,Bide,Fire Blast,Swift,Sky Attack,Rest,Substitute,Headbutt,Roar,Earthquake,Whrilwind,Rock Throw,,,,,,,,,,,,,,,,,,,,,,,,,,,,,,,,,,,,,,,
Snorlax,Amnesia,Headbutt,Rest,Body Slam,Harden,Double-Edge,Hyper Beam,Surf,Strength,Mega Punch,Mega Kick,Toxic,,Take Down,,Bubble Beam,Water Gun,Ice Beam,Blizzard,,Pay Day,Submission,Counter,Seismic Toss,Rage,Solar Beam,Thunderbolt,Thunder,Earthquake,Fissure,Psychic,Mimic,Double Team,Reflect,Bide,Metronome,Self-Destruct,Fire Blast,Skull Bash,,Psywave,Rock Slide,Substitute,Defense Curl,Ice Punch,Thunder Punch,Fire Punch,Lick,Lovely Kiss,Splash,Flamethrower,,,,,,,,,,,,,,,,,
Articuno,Ice Beam,Peck,Blizzard,Agility,Mist,Fly,Razor Wind,Whirlwind,Toxic,Take Down,Double-Edge,Bubble Beam,Water Gun,,,Hyper Beam,Rage,Mimic,Double Team,Reflect,Bide,Swift,Sky Attack,Rest,Substitute,Gust,Roar,,,,,,,,,,,,,,,,,,,,,,,,,,,,,,,,,,,,,,,,,
Zapdos,Drill Peck,Thunder Shock,Thunder,Agility,Light Screen,Fly,Flash,Razor Wind,Whirlwind,Toxic,Take Down,Double-Edge,Hyper Beam,Rage,Thunderbolt,,Mimic,Double Team,Reflect,Bide,Swift,Sky Attack,Rest,Thunder Wave,Substitute,Peck,Roar,,,,,,,,,,,,,,,,,,,,,,,,,,,,,,,,,,,,,,,,,
Moltres,Fire Spin,Peck,Leer,Agility,Sky Attack,Fly,Razor Wind,Whirlwind,Toxic,Take Down,Double-Edge,Hyper Beam,Rage,Mimic,Double Team,Reflect,Bide,Fire Blast,Swift,,Rest,Substitute,Wing Attack,Flamethrower,Roar,Ember,,,,,,,,,,,,,,,,,,,,,,,,,,,,,,,,,,,,,,,,,,
Dratini,Leer,Wrap,Thunder Wave,Agility,Slam,Dragon Rage,Hyper Beam,Surf,Toxic,Body Slam,Take Down,Double-Edge,Bubble Beam,Water Gun,Ice Beam,Blizzard,Rage,,Thunderbolt,Thunder,Mimic,Double Team,Reflect,Bide,Fire Blast,Swift,Skull Bash,Rest,Headbutt,Substitute,Light Screen,Haze,Mist,Supersonic,Waterfall,Flamethrower,Hydro Pump,,,,,,,,,,,,,,,,,,,,,,,,,,,,,,,
Dragonair,Leer,Thunder Wave,Wrap,,Agility,Slam,Dragon Rage,Hyper Beam,Surf,Toxic,Horn Drill,Body Slam,Take Down,Double-Edge,Bubble Beam,Water Gun,Ice Beam,Blizzard,Rage,,Thunderbolt,Thunder,Mimic,Double Team,Reflect,Bide,Fire Blast,Swift,Skull Bash,Rest,Substitute,Light Screen,Haze,Supersonic,Waterfall,Mist,Flamethrower,Headbutt,Hydro Pump,,,,,,,,,,,,,,,,,,,,,,,,,,,,,
Dragonite,Agility,Leer,Thunder Wave,Wrap,,,Slam,Dragon Rage,Hyper Beam,Surf,Strength,Razor Wind,Toxic,Horn Drill,Body Slam,Take Down,Double-Edge,Bubble Beam,Water Gun,Ice Beam,Blizzard,,Rage,,Thunderbolt,Thunder,Mimic,Double Team,Reflect,Bide,Fire Blast,Swift,Skull Bash,Rest,,Substitute,Light Screen,Haze,Supersonic,Mist,Fire Punch,Thunder Punch,Ice Punch,Fly,Headbutt,Waterfall,Wing Attack,Hydro Pump,Flamethrower,,,,,,,,,,,,,,,,,,,
Mewtwo,Confusion,Disable,Psychic,Swift,Barrier,,Recover,Mist,Amnesia,Strength,Flash,Mega Punch,Mega Kick,Toxic,Body Slam,Take Down,Double-Edge,Bubble Beam,Water Gun,Ice Beam,Blizzard,Hyper Beam,Pay Day,Submission,Counter,Seismic Toss,Rage,Solar Beam,Thunderbolt,Thunder,,Teleport,Mimic,Double Team,Reflect,Bide,Metronome,Self-Destruct,Fire Blast,Skull Bash,Rest,Thunder Wave,Psywave,Tri Attack,Substitute,Headbutt,Ice Punch,Thunder Punch,Fire Punch,Flamethrower,,,,,,,,,,,,,,,,,,
Mew,Pound,Transform,Mega Punch,Metronome,Psychic,Cut,Fly,Surf,Strength,Flash,,Razor Wind,Swords Dance,Whirlwind,Mega Kick,Toxic,Horn Drill,Body Slam,Take Down,Double-Edge,Bubble Beam,Water Gun,Ice Beam,Blizzard,Hyper Beam,Pay Day,Submission,Counter,Seismic Toss,Rage,Mega Drain,Solar Beam,Dragon Rage,Thunderbolt,Thunder,Earthquake,Fissure,Dig,,Teleport,Mimic,Double Team,Reflect,Bide,,Self-Destruct,Egg Bomb,Fire Blast,Swift,Skull Bash,Soft-Boiled,Dream Eater,Sky Attack,Rest,Thunder Wave,Psywave,Explosion,Rock Slide,Tri Attack,Substitute,Headbutt,Roar,Ice Punch,Defense Curl,Thunder Punch,Fire Punch,Waterfall,Flamethrower
